ts,open,high,low,close,volume
2025-11-04 04:00:00+00:00,5.265,5.282,5.026,5.062,61838.39
2025-11-04 08:00:00+00:00,5.062,5.238,5.047,5.213,51589.57
2025-11-04 12:00:00+00:00,5.213,5.261,5.089,5.152,39723.72
2025-11-04 16:00:00+00:00,5.152,5.199,4.877,4.944,169981.63
2025-11-04 20:00:00+00:00,4.944,5.133,4.736,5.073,198473.23
2025-11-05 00:00:00+00:00,5.073,5.191,4.873,5.176,124736.28
2025-11-05 04:00:00+00:00,5.176,5.227,5.15,5.22,34612.9
2025-11-05 08:00:00+00:00,5.22,5.283,5.124,5.278,32573.47
2025-11-05 12:00:00+00:00,5.278,5.371,5.235,5.371,53149.51
2025-11-05 16:00:00+00:00,5.371,5.494,5.322,5.452,44306.88
2025-11-05 20:00:00+00:00,5.452,5.487,5.325,5.347,49685.04
2025-11-06 00:00:00+00:00,5.347,5.372,5.257,5.338,24982.43
2025-11-06 04:00:00+00:00,5.338,5.362,5.235,5.247,20344.5
2025-11-06 08:00:00+00:00,5.247,5.308,5.24,5.281,25021.27
2025-11-06 12:00:00+00:00,5.281,5.337,5.18,5.199,40476.59
2025-11-06 16:00:00+00:00,5.199,5.307,5.107,5.286,33736.05
2025-11-06 20:00:00+00:00,5.286,5.311,5.216,5.255,37469.07
2025-11-07 00:00:00+00:00,5.255,5.379,5.246,5.336,26475.6
2025-11-07 04:00:00+00:00,5.336,5.479,5.291,5.465,29349.42
2025-11-07 08:00:00+00:00,5.465,5.498,5.303,5.38,77469.8
2025-11-07 12:00:00+00:00,5.38,5.596,5.247,5.574,70282.43
2025-11-07 16:00:00+00:00,5.574,5.945,5.557,5.907,104531.3
2025-11-07 20:00:00+00:00,5.907,6.001,5.854,5.876,34356.03
2025-11-08 00:00:00+00:00,5.876,6.12,5.805,6.05,73949.41
2025-11-08 04:00:00+00:00,6.05,6.086,5.882,5.994,45675.64
2025-11-08 08:00:00+00:00,5.994,6.172,5.709,6.092,226818.81
2025-11-08 12:00:00+00:00,6.092,6.105,5.909,5.99,107113.7
2025-11-08 16:00:00+00:00,5.99,6.035,5.912,6.024,31788.55
2025-11-08 20:00:00+00:00,6.024,6.055,5.968,6.009,41638.63
2025-11-09 00:00:00+00:00,6.009,6.01,5.799,5.817,46889.84
2025-11-09 04:00:00+00:00,5.817,5.948,5.814,5.937,38253.68
2025-11-09 08:00:00+00:00,5.937,6.425,5.856,6.379,175328.52
2025-11-09 12:00:00+00:00,6.379,6.66,6.317,6.522,216590.0
2025-11-09 16:00:00+00:00,6.522,6.78,6.503,6.765,91510.99
2025-11-09 20:00:00+00:00,6.765,6.767,6.544,6.574,69652.33
2025-11-10 00:00:00+00:00,6.574,6.714,6.546,6.71,80578.22
2025-11-10 04:00:00+00:00,6.71,6.8,6.649,6.743,71318.4
2025-11-10 08:00:00+00:00,6.743,7.199,6.702,7.136,174370.78
2025-11-10 12:00:00+00:00,7.136,7.152,6.788,6.969,166600.78
2025-11-10 16:00:00+00:00,6.969,7.302,6.907,7.16,94298.28
2025-11-10 20:00:00+00:00,7.16,10.032,7.143,9.335,1013173.22
2025-11-11 00:00:00+00:00,9.335,10.3,9.104,9.309,769270.41
2025-11-11 04:00:00+00:00,9.309,9.363,8.341,8.451,532420.63
2025-11-11 08:00:00+00:00,8.451,8.723,8.12,8.641,423177.51
2025-11-11 12:00:00+00:00,8.641,9.364,8.372,8.989,581749.93
2025-11-11 16:00:00+00:00,8.989,9.183,8.529,8.672,351624.6
2025-11-11 20:00:00+00:00,8.672,8.699,8.158,8.245,258029.7
2025-11-12 00:00:00+00:00,8.245,8.828,8.226,8.717,234500.16
2025-11-12 04:00:00+00:00,8.717,8.851,8.382,8.414,145808.38
2025-11-12 08:00:00+00:00,8.414,8.814,8.414,8.654,192512.41
2025-11-12 12:00:00+00:00,8.654,8.66,7.747,7.821,276077.02
2025-11-12 16:00:00+00:00,7.821,7.977,7.539,7.554,240061.21
2025-11-12 20:00:00+00:00,7.554,7.733,7.473,7.566,136775.06
2025-11-13 00:00:00+00:00,7.566,8.196,7.531,7.92,217780.31
2025-11-13 04:00:00+00:00,7.92,8.148,7.845,7.868,162182.25
2025-11-13 08:00:00+00:00,7.868,8.094,7.809,7.92,129534.71
2025-11-13 12:00:00+00:00,7.92,8.136,7.632,7.927,206515.86
2025-11-13 16:00:00+00:00,7.927,8.017,7.515,7.578,190168.81
2025-11-13 20:00:00+00:00,7.578,7.841,7.465,7.759,180762.8
2025-11-14 00:00:00+00:00,7.759,7.8,7.487,7.597,92018.85
2025-11-14 04:00:00+00:00,7.597,7.643,7.227,7.52,192851.22
2025-11-14 08:00:00+00:00,7.52,7.529,7.136,7.218,110474.38
2025-11-14 12:00:00+00:00,7.218,7.328,6.973,7.264,227117.88
2025-11-14 16:00:00+00:00,7.264,7.355,7.037,7.228,82513.54
2025-11-14 20:00:00+00:00,7.228,7.228,6.934,6.992,114757.41
2025-11-15 00:00:00+00:00,6.992,7.461,6.977,7.424,140932.99
2025-11-15 04:00:00+00:00,7.424,7.553,7.372,7.506,55902.14
2025-11-15 08:00:00+00:00,7.506,7.51,7.261,7.297,62016.11
2025-11-15 12:00:00+00:00,7.297,7.527,7.286,7.466,37822.94
2025-11-15 16:00:00+00:00,7.466,7.641,7.364,7.496,65755.38
2025-11-15 20:00:00+00:00,7.496,7.502,7.342,7.357,43965.55
2025-11-16 00:00:00+00:00,7.357,7.454,7.204,7.414,56667.37
2025-11-16 04:00:00+00:00,7.414,7.877,7.358,7.862,111821.62
2025-11-16 08:00:00+00:00,7.862,7.921,7.571,7.583,103355.07
2025-11-16 12:00:00+00:00,7.583,7.654,7.326,7.332,110839.36
2025-11-16 16:00:00+00:00,7.332,7.385,7.149,7.193,142628.53
2025-11-16 20:00:00+00:00,7.193,7.239,6.979,7.177,87619.79
2025-11-17 00:00:00+00:00,7.177,7.398,7.107,7.352,113372.2
2025-11-17 04:00:00+00:00,7.352,8.118,7.327,8.112,129022.39
2025-11-17 08:00:00+00:00,8.112,8.155,7.752,8.019,282299.12
2025-11-17 12:00:00+00:00,8.019,8.109,7.68,7.776,271688.05
2025-11-17 16:00:00+00:00,7.776,7.79,7.101,7.153,183208.82
2025-11-17 20:00:00+00:00,7.153,7.463,7.087,7.418,196237.78
2025-11-18 00:00:00+00:00,7.418,7.593,7.254,7.519,210129.86
2025-11-18 04:00:00+00:00,7.519,7.527,7.182,7.375,231411.03
2025-11-18 08:00:00+00:00,7.375,7.473,7.263,7.35,96898.31
2025-11-18 12:00:00+00:00,7.35,7.64,7.269,7.612,127173.65
2025-11-18 16:00:00+00:00,7.612,7.767,7.528,7.555,102526.73
2025-11-18 20:00:00+00:00,7.555,7.566,7.433,7.5,53909.48
2025-11-19 00:00:00+00:00,7.5,7.517,7.257,7.294,71814.27
2025-11-19 04:00:00+00:00,7.294,7.308,7.105,7.297,87075.78
2025-11-19 08:00:00+00:00,7.297,7.4,7.277,7.284,122534.57
2025-11-19 12:00:00+00:00,7.284,7.317,6.863,6.884,150012.61
2025-11-19 16:00:00+00:00,6.884,7.028,6.818,6.844,107430.4
2025-11-19 20:00:00+00:00,6.844,7.236,6.821,7.225,114554.85
2025-11-20 00:00:00+00:00,7.225,7.341,7.177,7.286,96390.16
2025-11-20 04:00:00+00:00,7.286,7.345,7.184,7.324,73578.46
2025-11-20 08:00:00+00:00,7.324,7.339,7.191,7.272,51627.09
2025-11-20 12:00:00+00:00,7.272,7.383,7.047,7.054,97529.37
2025-11-20 16:00:00+00:00,7.054,7.069,6.488,6.589,233983.71
2025-11-20 20:00:00+00:00,6.589,6.731,6.538,6.57,119652.29
2025-11-21 00:00:00+00:00,6.57,6.741,6.548,6.587,88132.15
2025-11-21 04:00:00+00:00,6.587,6.645,5.95,6.285,219914.35
2025-11-21 08:00:00+00:00,6.285,6.394,6.097,6.124,164165.12
2025-11-21 12:00:00+00:00,6.124,6.395,6.03,6.235,168775.4
2025-11-21 16:00:00+00:00,6.235,6.527,6.176,6.396,138976.05
2025-11-21 20:00:00+00:00,6.396,6.472,6.27,6.426,105374.74
2025-11-22 00:00:00+00:00,6.426,6.543,6.424,6.526,67666.81
2025-11-22 04:00:00+00:00,6.526,6.539,6.325,6.325,95131.84
2025-11-22 08:00:00+00:00,6.325,6.342,6.1,6.113,99663.73
2025-11-22 12:00:00+00:00,6.113,6.17,6.018,6.06,89706.69
2025-11-22 16:00:00+00:00,6.06,6.141,5.986,6.011,65558.16
2025-11-22 20:00:00+00:00,6.011,6.325,5.864,6.159,133454.62
2025-11-23 00:00:00+00:00,6.159,6.29,6.093,6.285,64325.86
2025-11-23 04:00:00+00:00,6.285,6.353,6.178,6.2,66142.68
2025-11-23 08:00:00+00:00,6.2,6.277,6.145,6.168,42740.21
2025-11-23 12:00:00+00:00,6.168,6.284,6.163,6.247,53868.03
2025-11-23 16:00:00+00:00,6.247,6.266,6.059,6.206,63516.69
2025-11-23 20:00:00+00:00,6.206,6.299,6.122,6.136,72262.98
2025-11-24 00:00:00+00:00,6.136,6.403,6.079,6.375,99600.5
2025-11-24 04:00:00+00:00,6.375,6.427,6.208,6.233,98847.02
2025-11-24 08:00:00+00:00,6.233,6.289,6.098,6.153,53608.79
2025-11-24 12:00:00+00:00,6.153,6.238,6.057,6.192,110380.81
2025-11-24 16:00:00+00:00,6.192,6.396,6.189,6.352,103709.72
2025-11-24 20:00:00+00:00,6.352,6.416,6.29,6.295,70685.22
2025-11-25 00:00:00+00:00,6.295,6.346,6.222,6.278,69728.46
2025-11-25 04:00:00+00:00,6.278,6.374,6.195,6.199,49087.62
2025-11-25 08:00:00+00:00,6.199,6.235,6.113,6.137,115114.06
2025-11-25 12:00:00+00:00,6.137,6.206,5.891,5.922,690437.4
2025-11-25 16:00:00+00:00,5.922,6.148,5.912,6.099,387540.9
2025-11-25 20:00:00+00:00,6.099,6.318,6.074,6.232,426137.0
2025-11-26 00:00:00+00:00,6.232,6.32,6.155,6.162,304641.27
2025-11-26 04:00:00+00:00,6.162,6.234,6.144,6.232,208849.24
2025-11-26 08:00:00+00:00,6.232,6.232,6.07,6.105,159536.41
2025-11-26 12:00:00+00:00,6.105,6.153,5.998,6.045,222091.27
2025-11-26 16:00:00+00:00,6.045,6.387,6.042,6.346,443995.93
2025-11-26 20:00:00+00:00,6.346,6.375,6.258,6.304,232740.62
2025-11-27 00:00:00+00:00,6.304,6.431,6.261,6.266,500468.59
2025-11-27 04:00:00+00:00,6.266,6.308,6.179,6.199,274232.38
2025-11-27 08:00:00+00:00,6.199,6.251,6.15,6.159,231192.37
2025-11-27 12:00:00+00:00,6.159,6.22,6.101,6.182,413498.01
2025-11-27 16:00:00+00:00,6.182,6.268,6.158,6.26,169995.54
2025-11-27 20:00:00+00:00,6.26,6.278,6.125,6.142,171684.07
2025-11-28 00:00:00+00:00,6.142,6.171,6.05,6.11,199612.68
2025-11-28 04:00:00+00:00,6.11,6.143,6.077,6.088,114807.53
2025-11-28 08:00:00+00:00,6.088,6.301,6.088,6.193,257332.13
2025-11-28 12:00:00+00:00,6.193,6.355,6.169,6.275,279891.7
2025-11-28 16:00:00+00:00,6.275,6.275,6.061,6.195,394524.27
2025-11-28 20:00:00+00:00,6.195,6.229,6.123,6.13,191982.78
2025-11-29 00:00:00+00:00,6.13,6.214,6.121,6.126,121310.25
2025-11-29 04:00:00+00:00,6.126,6.179,6.082,6.111,129110.02
2025-11-29 08:00:00+00:00,6.111,6.177,6.098,6.154,128085.91
2025-11-29 12:00:00+00:00,6.154,6.155,6.081,6.124,113105.77
2025-11-29 16:00:00+00:00,6.124,6.124,5.979,6.026,211884.3
2025-11-29 20:00:00+00:00,6.026,6.085,6.013,6.057,109516.87
2025-11-30 00:00:00+00:00,6.057,6.121,6.01,6.121,124003.05
2025-11-30 04:00:00+00:00,6.121,6.222,6.048,6.22,289729.63
2025-11-30 08:00:00+00:00,6.22,6.277,6.116,6.122,416003.8
2025-11-30 12:00:00+00:00,6.122,6.238,6.105,6.133,167283.53
2025-11-30 16:00:00+00:00,6.133,6.192,6.13,6.143,97134.75
2025-11-30 20:00:00+00:00,6.143,6.181,6.032,6.039,150043.06
2025-12-01 00:00:00+00:00,6.039,6.059,5.506,5.531,1445623.15
2025-12-01 04:00:00+00:00,5.531,5.56,5.474,5.554,349652.61
2025-12-01 08:00:00+00:00,5.554,5.594,5.526,5.554,171930.07
2025-12-01 12:00:00+00:00,5.554,5.624,5.444,5.572,604886.73
2025-12-01 16:00:00+00:00,5.572,5.596,5.452,5.483,500599.57
2025-12-01 20:00:00+00:00,5.483,5.643,5.482,5.599,257784.15
2025-12-02 00:00:00+00:00,5.599,5.645,5.454,5.526,414429.48
2025-12-02 04:00:00+00:00,5.526,5.549,5.47,5.489,220667.39
2025-12-02 08:00:00+00:00,5.489,5.549,5.369,5.537,802880.02
2025-12-02 12:00:00+00:00,5.537,6.038,5.51,5.984,729029.77
2025-12-02 16:00:00+00:00,5.984,6.015,5.862,5.951,477993.53
2025-12-02 20:00:00+00:00,5.951,5.979,5.872,5.918,220652.11
2025-12-03 00:00:00+00:00,5.918,6.03,5.916,5.99,378634.89
2025-12-03 04:00:00+00:00,5.99,6.177,5.972,6.057,380714.05
2025-12-03 08:00:00+00:00,6.057,6.091,6.003,6.033,166496.42
2025-12-03 12:00:00+00:00,6.033,6.086,5.895,6.001,474366.66
2025-12-03 16:00:00+00:00,6.001,6.097,5.952,6.037,223455.72
2025-12-03 20:00:00+00:00,6.037,6.194,6.017,6.107,332551.35
2025-12-04 00:00:00+00:00,6.107,6.198,6.066,6.141,309041.65
2025-12-04 04:00:00+00:00,6.141,6.174,6.052,6.096,244420.44
2025-12-04 08:00:00+00:00,6.096,6.126,6.027,6.039,201143.16
2025-12-04 12:00:00+00:00,6.039,6.085,5.937,6.052,298280.62
2025-12-04 16:00:00+00:00,6.052,6.074,5.83,5.937,367738.06
2025-12-04 20:00:00+00:00,5.937,5.994,5.913,5.96,132052.07
2025-12-05 00:00:00+00:00,5.96,6.037,5.954,5.982,140816.17
2025-12-05 04:00:00+00:00,5.982,6.002,5.884,5.953,252481.45
2025-12-05 08:00:00+00:00,5.953,5.961,5.774,5.802,431309.7
2025-12-05 12:00:00+00:00,5.802,5.834,5.698,5.732,334795.32
2025-12-05 16:00:00+00:00,5.732,5.736,5.426,5.522,633628.02
2025-12-05 20:00:00+00:00,5.522,5.55,5.47,5.474,151787.0
2025-12-06 00:00:00+00:00,5.474,5.529,5.415,5.516,197768.71
2025-12-06 04:00:00+00:00,5.516,5.525,5.467,5.491,89121.9
2025-12-06 08:00:00+00:00,5.491,5.527,5.453,5.485,109461.63
2025-12-06 12:00:00+00:00,5.485,5.587,5.471,5.528,169798.62
2025-12-06 16:00:00+00:00,5.528,5.625,5.524,5.551,200000.87
2025-12-06 20:00:00+00:00,5.551,5.602,5.533,5.563,80996.22
2025-12-07 00:00:00+00:00,5.563,5.63,5.562,5.622,143645.58
2025-12-07 04:00:00+00:00,5.622,5.636,5.568,5.589,69531.91
2025-12-07 08:00:00+00:00,5.589,5.601,5.508,5.532,257662.44
2025-12-07 12:00:00+00:00,5.532,5.584,5.32,5.522,466904.29
2025-12-07 16:00:00+00:00,5.522,5.671,5.462,5.645,371426.75
2025-12-07 20:00:00+00:00,5.645,5.656,5.368,5.46,263250.04
2025-12-08 00:00:00+00:00,5.46,5.629,5.431,5.57,217316.33
2025-12-08 04:00:00+00:00,5.57,5.717,5.57,5.669,235207.72
2025-12-08 08:00:00+00:00,5.669,5.769,5.657,5.698,182958.41
2025-12-08 12:00:00+00:00,5.698,5.74,5.578,5.6,250871.14
2025-12-08 16:00:00+00:00,5.6,5.665,5.555,5.599,202313.16
2025-12-08 20:00:00+00:00,5.599,5.674,5.597,5.616,133546.88
2025-12-09 00:00:00+00:00,5.616,5.637,5.428,5.512,229793.27
2025-12-09 04:00:00+00:00,5.512,5.517,5.426,5.477,90875.78
2025-12-09 08:00:00+00:00,5.477,5.49,5.44,5.483,137436.21
2025-12-09 12:00:00+00:00,5.483,5.737,5.453,5.724,362784.83
2025-12-09 16:00:00+00:00,5.724,5.976,5.722,5.845,511357.16
2025-12-09 20:00:00+00:00,5.845,5.862,5.654,5.747,262610.07
2025-12-10 00:00:00+00:00,5.747,5.761,5.614,5.659,239167.77
2025-12-10 04:00:00+00:00,5.659,5.686,5.581,5.616,179333.21
2025-12-10 08:00:00+00:00,5.616,5.677,5.527,5.56,241625.6
2025-12-10 12:00:00+00:00,5.56,5.601,5.528,5.583,210853.25
2025-12-10 16:00:00+00:00,5.583,5.822,5.56,5.799,482772.81
2025-12-10 20:00:00+00:00,5.799,5.945,5.596,5.602,430598.5
2025-12-11 00:00:00+00:00,5.602,5.606,5.293,5.319,482362.47
2025-12-11 04:00:00+00:00,5.319,5.396,5.293,5.358,179459.5
2025-12-11 08:00:00+00:00,5.358,5.42,5.328,5.405,154062.43
2025-12-11 12:00:00+00:00,5.405,5.405,5.307,5.345,237806.1
2025-12-11 16:00:00+00:00,5.345,5.474,5.308,5.413,224010.53
2025-12-11 20:00:00+00:00,5.413,5.601,5.396,5.549,348502.18
2025-12-12 00:00:00+00:00,5.549,5.589,5.467,5.539,137608.36
2025-12-12 04:00:00+00:00,5.539,5.61,5.491,5.572,116059.16
2025-12-12 08:00:00+00:00,5.572,5.649,5.542,5.576,196145.78
2025-12-12 12:00:00+00:00,5.576,5.637,5.252,5.288,392612.95
2025-12-12 16:00:00+00:00,5.288,5.38,5.209,5.35,532485.06
2025-12-12 20:00:00+00:00,5.35,5.43,5.318,5.42,125300.94
2025-12-13 00:00:00+00:00,5.42,5.445,5.371,5.404,97375.67
2025-12-13 04:00:00+00:00,5.404,5.441,5.383,5.433,83478.79
2025-12-13 08:00:00+00:00,5.433,5.506,5.429,5.457,135528.6
2025-12-13 12:00:00+00:00,5.457,5.476,5.411,5.465,89726.97
2025-12-13 16:00:00+00:00,5.465,5.484,5.429,5.445,78916.91
2025-12-13 20:00:00+00:00,5.445,5.529,5.411,5.501,64971.27
2025-12-14 00:00:00+00:00,5.501,5.565,5.475,5.515,199792.35
2025-12-14 04:00:00+00:00,5.515,5.518,5.462,5.484,97175.07
2025-12-14 08:00:00+00:00,5.484,5.493,5.335,5.405,212208.47
2025-12-14 12:00:00+00:00,5.405,5.449,5.358,5.382,113214.59
2025-12-14 16:00:00+00:00,5.382,5.42,5.319,5.334,107277.29
2025-12-14 20:00:00+00:00,5.334,5.363,5.249,5.309,176535.12
2025-12-15 00:00:00+00:00,5.309,5.464,5.295,5.39,185275.02
2025-12-15 04:00:00+00:00,5.39,5.43,5.362,5.381,73026.56
2025-12-15 08:00:00+00:00,5.381,5.455,5.369,5.4,133005.61
2025-12-15 12:00:00+00:00,5.4,5.422,5.064,5.108,694321.75
2025-12-15 16:00:00+00:00,5.108,5.126,4.97,5.078,511873.14
2025-12-15 20:00:00+00:00,5.078,5.081,4.996,5.081,249902.0
2025-12-16 00:00:00+00:00,5.081,5.092,4.996,5.056,157231.05
2025-12-16 04:00:00+00:00,5.056,5.063,4.94,5.029,409795.15
2025-12-16 08:00:00+00:00,5.029,5.166,5.014,5.156,181570.06
2025-12-16 12:00:00+00:00,5.156,5.279,5.09,5.248,490032.7
2025-12-16 16:00:00+00:00,5.248,5.248,5.137,5.195,258726.95
2025-12-16 20:00:00+00:00,5.195,5.209,5.156,5.198,117429.43
2025-12-17 00:00:00+00:00,5.198,5.246,5.13,5.134,238866.13
2025-12-17 04:00:00+00:00,5.134,5.14,5.058,5.096,199387.24
2025-12-17 08:00:00+00:00,5.096,5.109,5.06,5.096,112264.4
2025-12-17 12:00:00+00:00,5.096,5.323,5.018,5.081,493523.44
2025-12-17 16:00:00+00:00,5.081,5.129,4.886,4.953,575484.49
2025-12-17 20:00:00+00:00,4.953,4.987,4.883,4.965,160702.26
2025-12-18 00:00:00+00:00,4.965,4.992,4.912,4.934,137530.63
2025-12-18 04:00:00+00:00,4.934,4.967,4.855,4.932,229410.64
2025-12-18 08:00:00+00:00,4.932,5.345,4.927,5.216,1781776.18
2025-12-18 12:00:00+00:00,5.216,5.436,5.173,5.291,861446.47
2025-12-18 16:00:00+00:00,5.291,5.299,4.894,4.902,859638.4
2025-12-18 20:00:00+00:00,4.902,5.02,4.863,4.962,486075.99
2025-12-19 00:00:00+00:00,4.962,5.136,4.901,5.059,726142.27
2025-12-19 04:00:00+00:00,5.059,5.192,5.009,5.191,622293.32
2025-12-19 08:00:00+00:00,5.191,5.258,5.159,5.231,437380.1
2025-12-19 12:00:00+00:00,5.231,5.332,5.163,5.193,356633.93
2025-12-19 16:00:00+00:00,5.193,5.302,5.186,5.27,282820.72
2025-12-19 20:00:00+00:00,5.27,5.337,5.255,5.318,148169.14
2025-12-20 00:00:00+00:00,5.318,5.329,5.255,5.321,199333.6
2025-12-20 04:00:00+00:00,5.321,5.856,5.288,5.734,1156589.31
2025-12-20 08:00:00+00:00,5.734,5.781,5.593,5.748,751115.64
2025-12-20 12:00:00+00:00,5.748,6.08,5.684,6.052,1159692.14
2025-12-20 16:00:00+00:00,6.052,6.308,6.044,6.243,1314794.63
2025-12-20 20:00:00+00:00,6.243,6.378,6.165,6.262,825985.21
2025-12-21 00:00:00+00:00,6.262,6.284,6.116,6.194,577906.42
2025-12-21 04:00:00+00:00,6.194,6.499,6.194,6.319,982669.7
2025-12-21 08:00:00+00:00,6.319,6.398,6.262,6.272,487455.07
2025-12-21 12:00:00+00:00,6.272,6.42,6.069,6.09,1210265.39
2025-12-21 16:00:00+00:00,6.09,6.196,6.078,6.124,327623.79
2025-12-21 20:00:00+00:00,6.124,6.154,6.061,6.117,269802.13
2025-12-22 00:00:00+00:00,6.117,6.264,6.035,6.184,483967.84
2025-12-22 04:00:00+00:00,6.184,6.34,6.154,6.247,344038.4
2025-12-22 08:00:00+00:00,6.247,6.33,6.163,6.234,435949.37
2025-12-22 12:00:00+00:00,6.234,6.42,6.061,6.153,1096261.62
2025-12-22 16:00:00+00:00,6.153,6.219,6.009,6.025,337235.06
2025-12-22 20:00:00+00:00,6.025,6.065,5.916,6.019,498928.94
2025-12-23 00:00:00+00:00,6.019,6.123,5.997,6.065,273231.4
2025-12-23 04:00:00+00:00,6.065,6.11,5.954,6.045,322411.86
2025-12-23 08:00:00+00:00,6.045,6.077,5.813,5.864,661159.95
2025-12-23 12:00:00+00:00,5.864,5.866,5.659,5.736,880684.04
2025-12-23 16:00:00+00:00,5.736,5.836,5.698,5.772,299507.35
2025-12-23 20:00:00+00:00,5.772,5.835,5.742,5.811,250463.83
2025-12-24 00:00:00+00:00,5.811,5.868,5.692,5.736,413886.56
2025-12-24 04:00:00+00:00,5.736,5.777,5.597,5.598,399024.81
2025-12-24 08:00:00+00:00,5.598,5.767,5.592,5.732,312209.6
2025-12-24 12:00:00+00:00,5.732,5.773,5.679,5.759,269710.11
2025-12-24 16:00:00+00:00,5.759,5.89,5.749,5.791,365359.89
2025-12-24 20:00:00+00:00,5.791,5.829,5.758,5.781,158400.06
2025-12-25 00:00:00+00:00,5.781,5.862,5.764,5.818,129027.47
2025-12-25 04:00:00+00:00,5.818,5.837,5.755,5.787,216098.02
2025-12-25 08:00:00+00:00,5.787,5.832,5.746,5.787,178538.28
2025-12-25 12:00:00+00:00,5.787,5.943,5.776,5.906,294561.67
2025-12-25 16:00:00+00:00,5.906,6.079,5.904,5.929,574566.33
2025-12-25 20:00:00+00:00,5.929,6.031,5.794,5.816,314327.1
2025-12-26 00:00:00+00:00,5.816,5.973,5.73,5.912,561326.33
2025-12-26 04:00:00+00:00,5.912,6.038,5.864,5.896,265793.01
2025-12-26 08:00:00+00:00,5.896,5.962,5.884,5.907,196304.72
2025-12-26 12:00:00+00:00,5.907,5.948,5.731,5.809,411594.49
2025-12-26 16:00:00+00:00,5.809,5.858,5.766,5.844,138291.47
2025-12-26 20:00:00+00:00,5.844,5.854,5.803,5.832,101424.99
2025-12-27 00:00:00+00:00,5.832,6.012,5.826,6.0,221032.89
2025-12-27 04:00:00+00:00,6.0,6.023,5.941,6.002,244833.82
2025-12-27 08:00:00+00:00,6.002,6.039,5.902,5.954,226537.83
2025-12-27 12:00:00+00:00,5.954,5.973,5.902,5.957,150402.67
2025-12-27 16:00:00+00:00,5.957,5.977,5.908,5.938,120834.29
2025-12-27 20:00:00+00:00,5.938,6.004,5.843,5.967,207231.03
2025-12-28 00:00:00+00:00,5.967,6.096,5.935,6.022,307041.54
2025-12-28 04:00:00+00:00,6.022,6.413,6.016,6.333,1205279.08
2025-12-28 08:00:00+00:00,6.333,6.381,6.25,6.286,330740.93
2025-12-28 12:00:00+00:00,6.286,6.566,6.283,6.447,670217.12
2025-12-28 16:00:00+00:00,6.447,6.467,6.123,6.132,870749.32
2025-12-28 20:00:00+00:00,6.132,6.233,6.111,6.233,205686.43
2025-12-29 00:00:00+00:00,6.233,6.386,6.143,6.345,627590.34
2025-12-29 04:00:00+00:00,6.345,6.358,6.183,6.187,306930.65
2025-12-29 08:00:00+00:00,6.187,6.2,6.03,6.111,364561.01
2025-12-29 12:00:00+00:00,6.111,6.115,5.991,6.051,486970.1
2025-12-29 16:00:00+00:00,6.051,6.072,5.941,5.96,322115.84
2025-12-29 20:00:00+00:00,5.96,6.027,5.928,5.995,241746.56
2025-12-30 00:00:00+00:00,5.995,6.045,5.95,5.992,194409.94
2025-12-30 04:00:00+00:00,5.992,6.014,5.9,5.96,305874.28
2025-12-30 08:00:00+00:00,5.96,6.036,5.944,5.988,250806.14
2025-12-30 12:00:00+00:00,5.988,6.041,5.933,6.008,245946.02
2025-12-30 16:00:00+00:00,6.008,6.034,5.924,5.941,195786.5
2025-12-30 20:00:00+00:00,5.941,5.947,5.903,5.926,124491.46
2025-12-31 00:00:00+00:00,5.926,5.979,5.879,5.927,124257.91
2025-12-31 04:00:00+00:00,5.927,5.938,5.89,5.916,112758.28
2025-12-31 08:00:00+00:00,5.916,5.942,5.859,5.927,173974.7
2025-12-31 12:00:00+00:00,5.927,5.952,5.827,5.854,165855.91
2025-12-31 16:00:00+00:00,5.854,5.871,5.668,5.678,416624.74
2025-12-31 20:00:00+00:00,5.678,5.726,5.623,5.641,196036.65
2026-01-01 00:00:00+00:00,5.641,5.71,5.64,5.646,148934.41
2026-01-01 04:00:00+00:00,5.646,5.686,5.619,5.643,268315.97
2026-01-01 08:00:00+00:00,5.643,5.693,5.638,5.678,176562.8
2026-01-01 12:00:00+00:00,5.678,5.774,5.64,5.75,253717.91
2026-01-01 16:00:00+00:00,5.75,5.832,5.716,5.831,192127.48
2026-01-01 20:00:00+00:00,5.831,5.843,5.784,5.807,176425.59
2026-01-02 00:00:00+00:00,5.807,5.843,5.673,5.81,267439.31
2026-01-02 04:00:00+00:00,5.81,5.818,5.735,5.749,165756.35
2026-01-02 08:00:00+00:00,5.749,5.895,5.738,5.802,253643.38
2026-01-02 12:00:00+00:00,5.802,5.917,5.731,5.867,347111.78
2026-01-02 16:00:00+00:00,5.867,6.025,5.835,6.018,340488.96
2026-01-02 20:00:00+00:00,6.018,6.1,5.992,6.039,221164.97
2026-01-03 00:00:00+00:00,6.039,6.121,6.033,6.057,205316.99
2026-01-03 04:00:00+00:00,6.057,6.065,5.745,5.787,571302.99
2026-01-03 08:00:00+00:00,5.787,5.846,5.763,5.806,259006.92
2026-01-03 12:00:00+00:00,5.806,5.853,5.798,5.816,181347.52
2026-01-03 16:00:00+00:00,5.816,5.912,5.803,5.897,127582.04
2026-01-03 20:00:00+00:00,5.897,5.939,5.869,5.915,94454.51
2026-01-04 00:00:00+00:00,5.915,6.02,5.912,5.944,267112.75
2026-01-04 04:00:00+00:00,5.944,5.946,5.831,5.872,285175.51
2026-01-04 08:00:00+00:00,5.872,5.945,5.83,5.894,205704.63
2026-01-04 12:00:00+00:00,5.894,5.96,5.868,5.945,320764.58
2026-01-04 16:00:00+00:00,5.945,5.999,5.813,5.853,272853.4
2026-01-04 20:00:00+00:00,5.853,5.897,5.769,5.851,285974.56
2026-01-05 00:00:00+00:00,5.851,6.041,5.84,5.96,473105.43
2026-01-05 04:00:00+00:00,5.96,5.974,5.801,5.909,440174.97
2026-01-05 08:00:00+00:00,5.909,5.955,5.822,5.913,412151.37
2026-01-05 12:00:00+00:00,5.913,5.92,5.795,5.875,569112.66
2026-01-05 16:00:00+00:00,5.875,5.95,5.73,5.901,678789.36
2026-01-05 20:00:00+00:00,5.901,6.438,5.893,6.165,1376160.02
2026-01-06 00:00:00+00:00,6.165,6.25,6.085,6.16,609608.34
2026-01-06 04:00:00+00:00,6.16,6.298,6.107,6.122,748701.81
2026-01-06 08:00:00+00:00,6.122,6.198,6.091,6.191,467584.5
2026-01-06 12:00:00+00:00,6.191,6.37,6.115,6.145,856953.93
2026-01-06 16:00:00+00:00,6.145,6.188,5.842,5.911,700188.01
2026-01-06 20:00:00+00:00,5.911,6.076,5.911,6.073,407759.65
2026-01-07 00:00:00+00:00,6.073,6.093,5.916,6.006,248303.69
2026-01-07 04:00:00+00:00,6.006,6.07,5.962,6.047,162658.09
2026-01-07 08:00:00+00:00,6.047,6.077,5.882,5.927,321625.74
2026-01-07 12:00:00+00:00,5.927,5.928,5.693,5.747,855955.64
2026-01-07 16:00:00+00:00,5.747,5.783,5.655,5.692,295267.39
2026-01-07 20:00:00+00:00,5.692,5.759,5.639,5.728,253987.06
2026-01-08 00:00:00+00:00,5.728,5.82,5.669,5.682,275475.22
2026-01-08 04:00:00+00:00,5.682,5.74,5.489,5.615,634739.92
2026-01-08 08:00:00+00:00,5.615,5.626,5.442,5.485,615798.72
2026-01-08 12:00:00+00:00,5.485,5.502,5.392,5.495,619100.9
2026-01-08 16:00:00+00:00,5.495,5.533,5.415,5.455,420888.2
2026-01-08 20:00:00+00:00,5.455,5.53,5.406,5.487,177273.46
2026-01-09 00:00:00+00:00,5.487,5.546,5.446,5.52,252079.59
2026-01-09 04:00:00+00:00,5.52,5.524,5.467,5.468,192275.99
2026-01-09 08:00:00+00:00,5.468,5.479,5.352,5.453,747897.4
2026-01-09 12:00:00+00:00,5.453,5.567,5.407,5.5,342347.01
2026-01-09 16:00:00+00:00,5.5,5.583,5.434,5.442,543006.35
2026-01-09 20:00:00+00:00,5.442,5.494,5.434,5.47,113847.67
2026-01-10 00:00:00+00:00,5.47,5.489,5.443,5.453,82079.38
2026-01-10 04:00:00+00:00,5.453,5.524,5.426,5.515,284683.82
2026-01-10 08:00:00+00:00,5.515,5.536,5.479,5.519,150384.42
2026-01-10 12:00:00+00:00,5.519,5.556,5.487,5.507,161273.0
2026-01-10 16:00:00+00:00,5.507,5.518,5.476,5.504,72765.36
2026-01-10 20:00:00+00:00,5.504,5.518,5.444,5.476,86661.45
2026-01-11 00:00:00+00:00,5.476,5.537,5.468,5.525,129129.37
2026-01-11 04:00:00+00:00,5.525,5.536,5.492,5.506,78244.74
2026-01-11 08:00:00+00:00,5.506,5.529,5.487,5.504,89747.22
2026-01-11 12:00:00+00:00,5.504,5.538,5.45,5.476,238294.27
2026-01-11 16:00:00+00:00,5.476,5.54,5.465,5.487,214838.23
2026-01-11 20:00:00+00:00,5.487,5.487,5.381,5.455,194002.48
2026-01-12 00:00:00+00:00,5.455,5.587,5.389,5.518,336382.9
2026-01-12 04:00:00+00:00,5.518,5.61,5.441,5.451,491546.53
2026-01-12 08:00:00+00:00,5.451,5.471,5.362,5.412,203820.75
2026-01-12 12:00:00+00:00,5.412,5.425,5.284,5.39,293163.74
2026-01-12 16:00:00+00:00,5.39,5.443,5.311,5.391,142023.66
2026-01-12 20:00:00+00:00,5.391,5.414,5.289,5.367,103382.26
2026-01-13 00:00:00+00:00,5.367,5.403,5.35,5.373,109758.69
2026-01-13 04:00:00+00:00,5.373,5.459,5.373,5.434,182117.44
2026-01-13 08:00:00+00:00,5.434,5.467,5.407,5.428,162745.99
2026-01-13 12:00:00+00:00,5.428,5.572,5.417,5.568,483875.4
2026-01-13 16:00:00+00:00,5.568,5.625,5.538,5.605,388532.66
2026-01-13 20:00:00+00:00,5.605,5.803,5.562,5.728,569057.44
2026-01-14 00:00:00+00:00,5.728,5.792,5.696,5.769,272862.75
2026-01-14 04:00:00+00:00,5.769,5.783,5.7,5.758,270280.61
2026-01-14 08:00:00+00:00,5.758,5.833,5.7,5.713,350685.99
2026-01-14 12:00:00+00:00,5.713,5.818,5.678,5.788,363163.67
2026-01-14 16:00:00+00:00,5.788,5.85,5.658,5.761,491618.42
2026-01-14 20:00:00+00:00,5.761,5.788,5.676,5.681,186580.83
2026-01-15 00:00:00+00:00,5.681,5.686,5.48,5.491,381555.68
2026-01-15 04:00:00+00:00,5.491,5.526,5.453,5.506,308818.46
2026-01-15 08:00:00+00:00,5.506,5.584,5.48,5.53,307650.15
2026-01-15 12:00:00+00:00,5.53,5.549,5.318,5.401,618047.02
2026-01-15 16:00:00+00:00,5.401,5.438,5.278,5.302,410745.27
2026-01-15 20:00:00+00:00,5.302,5.36,5.229,5.35,267051.82
2026-01-16 00:00:00+00:00,5.35,5.361,5.282,5.313,190705.84
2026-01-16 04:00:00+00:00,5.313,5.341,5.274,5.315,159359.81
2026-01-16 08:00:00+00:00,5.315,5.34,5.296,5.325,148188.56
2026-01-16 12:00:00+00:00,5.325,5.333,5.132,5.166,385820.55
2026-01-16 16:00:00+00:00,5.166,5.247,5.154,5.243,177315.93
2026-01-16 20:00:00+00:00,5.243,5.348,5.216,5.314,192083.22
2026-01-17 00:00:00+00:00,5.314,5.347,5.304,5.334,141022.1
2026-01-17 04:00:00+00:00,5.334,5.369,5.322,5.362,124340.77
2026-01-17 08:00:00+00:00,5.362,5.416,5.346,5.348,146174.54
2026-01-17 12:00:00+00:00,5.348,5.444,5.335,5.435,196837.4
2026-01-17 16:00:00+00:00,5.435,5.439,5.369,5.392,95496.32
2026-01-17 20:00:00+00:00,5.392,5.41,5.343,5.353,49056.76
2026-01-18 00:00:00+00:00,5.353,5.39,5.286,5.333,128600.41
2026-01-18 04:00:00+00:00,5.333,5.34,5.292,5.313,71818.65
2026-01-18 08:00:00+00:00,5.313,5.334,5.305,5.327,70525.01
2026-01-18 12:00:00+00:00,5.327,5.339,5.259,5.336,272446.03
2026-01-18 16:00:00+00:00,5.336,5.396,5.331,5.359,187502.87
2026-01-18 20:00:00+00:00,5.359,5.387,5.091,5.096,390657.71
2026-01-19 00:00:00+00:00,5.096,5.096,4.611,5.024,1404582.07
2026-01-19 04:00:00+00:00,5.024,5.04,4.952,4.965,603253.55
2026-01-19 08:00:00+00:00,4.965,5.021,4.937,4.999,282673.95
2026-01-19 12:00:00+00:00,4.999,5.053,4.972,4.976,266302.09
2026-01-19 16:00:00+00:00,4.976,5.05,4.973,5.034,136594.27
2026-01-19 20:00:00+00:00,5.034,5.05,4.972,5.026,156064.41
2026-01-20 00:00:00+00:00,5.026,5.028,4.982,5.0,177229.78
2026-01-20 04:00:00+00:00,5.0,5.006,4.915,4.942,456178.78
2026-01-20 08:00:00+00:00,4.942,4.951,4.875,4.897,222012.79
2026-01-20 12:00:00+00:00,4.897,4.926,4.765,4.811,659461.03
2026-01-20 16:00:00+00:00,4.811,4.838,4.713,4.765,372359.09
2026-01-20 20:00:00+00:00,4.765,4.823,4.694,4.803,402273.6
2026-01-21 00:00:00+00:00,4.803,4.944,4.795,4.921,327850.57
2026-01-21 04:00:00+00:00,4.921,4.964,4.874,4.884,140813.57
2026-01-21 08:00:00+00:00,4.884,4.919,4.844,4.849,121401.51
2026-01-21 12:00:00+00:00,4.849,5.0,4.789,4.973,539544.16
2026-01-21 16:00:00+00:00,4.973,5.066,4.76,5.064,470205.89
2026-01-21 20:00:00+00:00,5.064,5.067,4.925,4.939,232385.29
2026-01-22 00:00:00+00:00,4.939,4.995,4.939,4.948,154000.56
2026-01-22 04:00:00+00:00,4.948,4.967,4.921,4.929,68862.87
2026-01-22 08:00:00+00:00,4.929,4.969,4.917,4.917,87171.08
2026-01-22 12:00:00+00:00,4.917,4.952,4.772,4.817,382408.49
2026-01-22 16:00:00+00:00,4.817,4.883,4.81,4.854,149404.84
2026-01-22 20:00:00+00:00,4.854,4.864,4.812,4.837,102115.33
2026-01-23 00:00:00+00:00,4.837,4.893,4.822,4.878,158539.26
2026-01-23 04:00:00+00:00,4.878,4.908,4.839,4.871,107420.56
2026-01-23 08:00:00+00:00,4.871,4.886,4.829,4.87,92900.37
2026-01-23 12:00:00+00:00,4.87,4.906,4.774,4.896,204474.1
2026-01-23 16:00:00+00:00,4.896,4.983,4.85,4.873,244427.04
2026-01-23 20:00:00+00:00,4.873,4.892,4.82,4.873,74053.95
2026-01-24 00:00:00+00:00,4.873,4.891,4.842,4.886,75561.78
2026-01-24 04:00:00+00:00,4.886,4.909,4.873,4.887,44800.49
2026-01-24 08:00:00+00:00,4.887,4.916,4.88,4.894,67156.68
2026-01-24 12:00:00+00:00,4.894,4.913,4.84,4.843,123625.25
2026-01-24 16:00:00+00:00,4.843,4.868,4.827,4.845,36213.49
2026-01-24 20:00:00+00:00,4.845,4.873,4.845,4.855,25602.83
2026-01-25 00:00:00+00:00,4.855,4.877,4.826,4.836,72706.05
2026-01-25 04:00:00+00:00,4.836,4.857,4.801,4.826,163709.63
2026-01-25 08:00:00+00:00,4.826,4.895,4.802,4.856,144312.5
2026-01-25 12:00:00+00:00,4.856,4.877,4.807,4.817,131717.52
2026-01-25 16:00:00+00:00,4.817,4.817,4.564,4.582,769371.83
2026-01-25 20:00:00+00:00,4.582,4.654,4.572,4.638,263517.93
2026-01-26 00:00:00+00:00,4.638,4.692,4.488,4.597,909144.7
2026-01-26 04:00:00+00:00,4.597,4.634,4.55,4.618,559009.25
2026-01-26 08:00:00+00:00,4.618,4.692,4.617,4.632,176869.52
2026-01-26 12:00:00+00:00,4.632,4.761,4.616,4.688,352829.55
2026-01-26 16:00:00+00:00,4.688,4.745,4.659,4.704,257668.47
2026-01-26 20:00:00+00:00,4.704,4.747,4.672,4.713,197439.34
2026-01-27 00:00:00+00:00,4.713,4.738,4.686,4.723,175653.62
2026-01-27 04:00:00+00:00,4.723,4.749,4.679,4.69,234385.21
2026-01-27 08:00:00+00:00,4.69,4.706,4.644,4.662,137323.15
2026-01-27 12:00:00+00:00,4.662,4.719,4.635,4.711,130048.69
2026-01-27 16:00:00+00:00,4.711,4.771,4.629,4.741,266999.68
2026-01-27 20:00:00+00:00,4.741,4.817,4.734,4.8,186537.68
2026-01-28 00:00:00+00:00,4.8,4.814,4.77,4.782,94606.04
2026-01-28 04:00:00+00:00,4.782,4.81,4.753,4.797,67797.23
2026-01-28 08:00:00+00:00,4.797,4.874,4.785,4.873,238118.16
2026-01-28 12:00:00+00:00,4.873,4.878,4.778,4.813,157315.44
2026-01-28 16:00:00+00:00,4.813,4.859,4.775,4.825,183130.5
2026-01-28 20:00:00+00:00,4.825,4.873,4.792,4.821,120344.43
2026-01-29 00:00:00+00:00,4.821,4.833,4.689,4.712,170574.89
2026-01-29 04:00:00+00:00,4.712,4.751,4.687,4.728,88941.21
2026-01-29 08:00:00+00:00,4.728,4.738,4.648,4.653,225489.07
2026-01-29 12:00:00+00:00,4.653,4.693,4.416,4.455,635238.26
2026-01-29 16:00:00+00:00,4.455,4.505,4.286,4.344,822070.94
2026-01-29 20:00:00+00:00,4.344,4.406,4.321,4.395,273624.29
2026-01-30 00:00:00+00:00,4.395,4.418,4.202,4.251,1051159.53
2026-01-30 04:00:00+00:00,4.251,4.315,4.184,4.257,343650.16
2026-01-30 08:00:00+00:00,4.257,4.331,4.186,4.313,297990.54
2026-01-30 12:00:00+00:00,4.313,4.319,4.209,4.262,467861.78
2026-01-30 16:00:00+00:00,4.262,4.347,4.141,4.307,555638.1
2026-01-30 20:00:00+00:00,4.307,4.308,4.223,4.277,326448.58
2026-01-31 00:00:00+00:00,4.277,4.308,4.261,4.266,121789.11
2026-01-31 04:00:00+00:00,4.266,4.288,4.209,4.227,117735.93
2026-01-31 08:00:00+00:00,4.227,4.236,4.12,4.142,370107.62
2026-01-31 12:00:00+00:00,4.142,4.151,3.892,3.994,1061138.75
2026-01-31 16:00:00+00:00,3.994,4.07,3.61,3.825,2219531.08
2026-01-31 20:00:00+00:00,3.825,3.973,3.778,3.959,481556.69
2026-02-01 00:00:00+00:00,3.959,4.028,3.941,3.993,330528.22
2026-02-01 04:00:00+00:00,3.993,4.014,3.932,3.958,301027.68
2026-02-01 08:00:00+00:00,3.958,3.99,3.901,3.941,302292.76
2026-02-01 12:00:00+00:00,3.941,3.941,3.765,3.828,600143.43
2026-02-01 16:00:00+00:00,3.828,3.93,3.797,3.863,653291.59
2026-02-01 20:00:00+00:00,3.863,3.906,3.754,3.838,665993.01
2026-02-02 00:00:00+00:00,3.838,3.961,3.714,3.848,855673.11
2026-02-02 04:00:00+00:00,3.848,3.887,3.706,3.851,719992.22
2026-02-02 08:00:00+00:00,3.851,3.933,3.851,3.912,437372.36
2026-02-02 12:00:00+00:00,3.912,3.998,3.897,3.969,495382.22
2026-02-02 16:00:00+00:00,3.969,3.988,3.919,3.923,209511.83
2026-02-02 20:00:00+00:00,3.923,3.944,3.902,3.926,103855.17
2026-02-03 00:00:00+00:00,3.926,3.934,3.835,3.923,278559.09
2026-02-03 04:00:00+00:00,3.923,3.955,3.882,3.907,298404.5
2026-02-03 08:00:00+00:00,3.907,3.934,3.847,3.898,453365.28
2026-02-03 12:00:00+00:00,3.898,3.97,3.859,3.964,402238.79
2026-02-03 16:00:00+00:00,3.964,3.966,3.7,3.882,1040463.74
2026-02-03 20:00:00+00:00,3.882,4.025,3.834,3.86,562430.54
2026-02-04 00:00:00+00:00,3.86,3.963,3.849,3.946,211185.3
2026-02-04 04:00:00+00:00,3.946,3.954,3.891,3.927,138445.02
2026-02-04 08:00:00+00:00,3.927,3.935,3.823,3.851,770982.86
2026-02-04 12:00:00+00:00,3.851,3.861,3.677,3.72,545553.63
2026-02-04 16:00:00+00:00,3.72,3.888,3.641,3.864,1033990.86
2026-02-04 20:00:00+00:00,3.864,3.869,3.717,3.801,380616.11
2026-02-05 00:00:00+00:00,3.801,3.837,3.741,3.749,382651.78
2026-02-05 04:00:00+00:00,3.749,3.794,3.695,3.701,567300.17
2026-02-05 08:00:00+00:00,3.701,3.775,3.602,3.64,399277.75
2026-02-05 12:00:00+00:00,3.64,3.715,3.32,3.357,2267946.4
2026-02-05 16:00:00+00:00,3.357,3.48,3.261,3.279,1906732.42
2026-02-05 20:00:00+00:00,3.279,3.304,3.126,3.167,2005513.14
2026-02-06 00:00:00+00:00,3.167,3.263,2.848,3.079,3244688.0
2026-02-06 04:00:00+00:00,3.079,3.274,3.068,3.194,855354.49
2026-02-06 08:00:00+00:00,3.194,3.348,3.175,3.34,774758.77
2026-02-06 12:00:00+00:00,3.34,3.462,3.316,3.449,695731.48
2026-02-06 16:00:00+00:00,3.449,3.632,3.434,3.548,871891.0
2026-02-06 20:00:00+00:00,3.548,3.598,3.512,3.551,410416.25
2026-02-07 00:00:00+00:00,3.551,3.586,3.49,3.571,426316.83
2026-02-07 04:00:00+00:00,3.571,3.615,3.433,3.465,520048.78
2026-02-07 08:00:00+00:00,3.465,3.5,3.43,3.464,253563.69
2026-02-07 12:00:00+00:00,3.464,3.572,3.459,3.521,364063.51
2026-02-07 16:00:00+00:00,3.521,3.607,3.51,3.556,1191863.04
2026-02-07 20:00:00+00:00,3.556,3.582,3.524,3.538,93417.61
2026-02-08 00:00:00+00:00,3.538,3.547,3.499,3.501,114717.37
2026-02-08 04:00:00+00:00,3.501,3.523,3.469,3.487,193326.31
2026-02-08 08:00:00+00:00,3.487,3.547,3.467,3.539,334017.91
2026-02-08 12:00:00+00:00,3.539,3.552,3.495,3.51,178959.26
2026-02-08 16:00:00+00:00,3.51,3.522,3.437,3.516,136900.95
2026-02-08 20:00:00+00:00,3.516,3.548,3.44,3.468,128765.2
2026-02-09 00:00:00+00:00,3.468,3.513,3.436,3.508,167562.47
2026-02-09 04:00:00+00:00,3.508,3.508,3.442,3.456,156607.17
2026-02-09 08:00:00+00:00,3.456,3.465,3.317,3.342,342936.1
2026-02-09 12:00:00+00:00,3.342,3.444,3.309,3.434,338748.96
2026-02-09 16:00:00+00:00,3.434,3.583,3.405,3.519,462967.88
2026-02-09 20:00:00+00:00,3.519,3.536,3.459,3.492,128270.27
2026-02-10 00:00:00+00:00,3.492,3.499,3.383,3.406,181222.12
2026-02-10 04:00:00+00:00,3.406,3.438,3.334,3.362,223172.59
2026-02-10 08:00:00+00:00,3.362,3.396,3.35,3.353,127723.41
2026-02-10 12:00:00+00:00,3.353,3.381,3.317,3.366,329598.42
2026-02-10 16:00:00+00:00,3.366,3.403,3.322,3.35,117486.79
2026-02-10 20:00:00+00:00,3.35,3.374,3.325,3.36,87689.86
2026-02-11 00:00:00+00:00,3.36,3.388,3.33,3.359,110170.68
2026-02-11 04:00:00+00:00,3.359,3.365,3.239,3.256,259181.87
2026-02-11 08:00:00+00:00,3.256,3.273,3.222,3.265,164294.82
2026-02-11 12:00:00+00:00,3.265,4.566,3.245,3.828,7931828.61
2026-02-11 16:00:00+00:00,3.828,3.917,3.447,3.5,3646392.29
2026-02-11 20:00:00+00:00,3.5,3.582,3.335,3.368,1463172.28
2026-02-12 00:00:00+00:00,3.368,3.498,3.353,3.475,1119669.44
2026-02-12 04:00:00+00:00,3.475,3.482,3.373,3.413,841686.9
2026-02-12 08:00:00+00:00,3.413,3.429,3.326,3.413,1150369.9
2026-02-12 12:00:00+00:00,3.413,3.467,3.327,3.345,891887.26
2026-02-12 16:00:00+00:00,3.345,3.348,3.192,3.226,956526.25
2026-02-12 20:00:00+00:00,3.226,3.255,3.142,3.25,433851.66
2026-02-13 00:00:00+00:00,3.25,3.286,3.211,3.274,410642.02
2026-02-13 04:00:00+00:00,3.274,3.337,3.253,3.304,522503.76
2026-02-13 08:00:00+00:00,3.304,3.337,3.288,3.322,260467.08
2026-02-13 12:00:00+00:00,3.322,3.469,3.309,3.409,809383.15
2026-02-13 16:00:00+00:00,3.409,3.495,3.405,3.422,672429.06
2026-02-13 20:00:00+00:00,3.422,3.447,3.389,3.397,288786.46
2026-02-14 00:00:00+00:00,3.397,3.414,3.377,3.403,440866.05
2026-02-14 04:00:00+00:00,3.403,3.432,3.384,3.403,177855.38
2026-02-14 08:00:00+00:00,3.403,3.524,3.403,3.517,1136061.97
2026-02-14 12:00:00+00:00,3.517,3.598,3.445,3.584,554282.26
2026-02-14 16:00:00+00:00,3.584,3.736,3.55,3.668,856612.59
2026-02-14 20:00:00+00:00,3.668,3.698,3.593,3.627,570375.33
2026-02-15 00:00:00+00:00,3.627,3.675,3.551,3.621,567030.21
2026-02-15 04:00:00+00:00,3.621,3.673,3.602,3.622,318493.16
2026-02-15 08:00:00+00:00,3.622,3.637,3.547,3.589,279028.76
2026-02-15 12:00:00+00:00,3.589,3.598,3.462,3.508,629605.07
2026-02-15 16:00:00+00:00,3.508,3.508,3.397,3.423,488788.65
2026-02-15 20:00:00+00:00,3.423,3.477,3.406,3.47,110586.42
2026-02-16 00:00:00+00:00,3.47,3.539,3.463,3.522,273139.16
2026-02-16 04:00:00+00:00,3.522,3.59,3.515,3.535,245300.9
2026-02-16 08:00:00+00:00,3.535,3.584,3.465,3.497,311959.75
2026-02-16 12:00:00+00:00,3.497,3.58,3.425,3.455,605718.73
2026-02-16 16:00:00+00:00,3.455,3.531,3.448,3.513,174912.31
2026-02-16 20:00:00+00:00,3.513,3.63,3.51,3.601,236123.81
2026-02-17 00:00:00+00:00,3.601,3.63,3.553,3.591,262777.62
2026-02-17 04:00:00+00:00,3.591,3.605,3.529,3.567,138587.21
2026-02-17 08:00:00+00:00,3.567,3.582,3.507,3.52,145897.28
2026-02-17 12:00:00+00:00,3.52,3.575,3.452,3.502,352109.05
2026-02-17 16:00:00+00:00,3.502,3.578,3.476,3.535,258349.5
2026-02-17 20:00:00+00:00,3.535,3.556,3.512,3.527,85257.74
2026-02-18 00:00:00+00:00,3.527,3.555,3.494,3.55,95487.76
2026-02-18 04:00:00+00:00,3.55,3.596,3.534,3.574,86470.15
2026-02-18 08:00:00+00:00,3.574,3.609,3.521,3.549,152379.61
2026-02-18 12:00:00+00:00,3.549,3.605,3.497,3.558,328607.35
2026-02-18 16:00:00+00:00,3.558,3.558,3.363,3.398,440958.95
2026-02-18 20:00:00+00:00,3.398,3.444,3.363,3.405,447818.61
2026-02-19 00:00:00+00:00,3.405,3.468,3.392,3.422,444472.78
2026-02-19 04:00:00+00:00,3.422,3.442,3.386,3.434,137191.52
2026-02-19 08:00:00+00:00,3.434,3.437,3.38,3.389,164660.59
2026-02-19 12:00:00+00:00,3.389,3.396,3.297,3.331,539283.11
2026-02-19 16:00:00+00:00,3.331,3.391,3.294,3.366,240919.73
2026-02-19 20:00:00+00:00,3.366,3.396,3.343,3.391,184699.06
2026-02-20 00:00:00+00:00,3.391,3.424,3.376,3.396,156245.78
2026-02-20 04:00:00+00:00,3.396,3.419,3.359,3.4,205412.22
2026-02-20 08:00:00+00:00,3.4,3.451,3.385,3.393,342212.49
2026-02-20 12:00:00+00:00,3.393,3.476,3.31,3.455,643691.86
2026-02-20 16:00:00+00:00,3.455,3.488,3.383,3.455,415624.25
2026-02-20 20:00:00+00:00,3.455,3.497,3.436,3.49,113979.58
2026-02-21 00:00:00+00:00,3.49,3.532,3.466,3.518,177473.35
2026-02-21 04:00:00+00:00,3.518,3.563,3.514,3.542,120592.12
2026-02-21 08:00:00+00:00,3.542,3.701,3.535,3.647,567891.24
2026-02-21 12:00:00+00:00,3.647,3.684,3.615,3.641,394616.58
2026-02-21 16:00:00+00:00,3.641,3.652,3.604,3.629,184253.05
2026-02-21 20:00:00+00:00,3.629,3.641,3.607,3.61,98690.98
2026-02-22 00:00:00+00:00,3.61,3.63,3.555,3.574,257037.33
2026-02-22 04:00:00+00:00,3.574,3.604,3.542,3.579,201320.52
2026-02-22 08:00:00+00:00,3.579,3.589,3.545,3.557,84787.09
2026-02-22 12:00:00+00:00,3.557,3.559,3.453,3.475,265081.02
2026-02-22 16:00:00+00:00,3.475,3.486,3.448,3.46,92675.06
2026-02-22 20:00:00+00:00,3.46,3.495,3.431,3.491,196603.34
2026-02-23 00:00:00+00:00,3.491,3.496,3.279,3.313,642538.36
2026-02-23 04:00:00+00:00,3.313,3.372,3.289,3.356,252357.12
2026-02-23 08:00:00+00:00,3.356,3.565,3.346,3.434,513567.35
2026-02-23 12:00:00+00:00,3.434,3.49,3.388,3.394,350371.7
2026-02-23 16:00:00+00:00,3.394,3.409,3.309,3.323,287422.18
2026-02-23 20:00:00+00:00,3.323,3.385,3.313,3.347,137147.37
2026-02-24 00:00:00+00:00,3.347,3.395,3.294,3.324,494966.93
2026-02-24 04:00:00+00:00,3.324,3.34,3.291,3.32,194909.49
2026-02-24 08:00:00+00:00,3.32,3.346,3.294,3.315,140670.97
2026-02-24 12:00:00+00:00,3.315,3.378,3.263,3.361,371740.66
2026-02-24 16:00:00+00:00,3.361,3.403,3.341,3.345,251710.35
2026-02-24 20:00:00+00:00,3.345,3.365,3.309,3.337,177081.15
2026-02-25 00:00:00+00:00,3.337,3.561,3.328,3.471,779269.45
2026-02-25 04:00:00+00:00,3.471,3.506,3.428,3.498,320811.46
2026-02-25 08:00:00+00:00,3.498,3.571,3.484,3.56,293736.46
2026-02-25 12:00:00+00:00,3.56,4.025,3.559,3.938,2532927.66
2026-02-25 16:00:00+00:00,3.938,4.129,3.924,4.096,1269481.51
2026-02-25 20:00:00+00:00,4.096,4.292,3.988,4.057,1625691.64
2026-02-26 00:00:00+00:00,4.057,4.091,3.98,4.013,695453.19
2026-02-26 04:00:00+00:00,4.013,4.057,3.965,3.987,328230.06
2026-02-26 08:00:00+00:00,3.987,4.086,3.981,4.01,384678.85
2026-02-26 12:00:00+00:00,4.01,4.032,3.786,3.806,879570.82
2026-02-26 16:00:00+00:00,3.806,3.839,3.718,3.834,581388.56
2026-02-26 20:00:00+00:00,3.834,3.899,3.812,3.878,214822.41
2026-02-27 00:00:00+00:00,3.878,3.912,3.839,3.908,233764.76
2026-02-27 04:00:00+00:00,3.908,3.947,3.862,3.895,242699.24
2026-02-27 08:00:00+00:00,3.895,3.911,3.751,3.757,495238.21
2026-02-27 12:00:00+00:00,3.757,3.831,3.736,3.796,372651.03
2026-02-27 16:00:00+00:00,3.796,3.801,3.72,3.741,309133.85
2026-02-27 20:00:00+00:00,3.741,3.761,3.675,3.742,189893.05
2026-02-28 00:00:00+00:00,3.742,3.77,3.707,3.712,118886.7
2026-02-28 04:00:00+00:00,3.712,3.729,3.56,3.637,473537.31
2026-02-28 08:00:00+00:00,3.637,3.637,3.54,3.554,505605.95
2026-02-28 12:00:00+00:00,3.554,3.707,3.549,3.658,512287.4
2026-02-28 16:00:00+00:00,3.658,3.819,3.641,3.795,366964.55
2026-02-28 20:00:00+00:00,3.795,3.892,3.774,3.808,374264.4
2026-03-01 00:00:00+00:00,3.808,3.971,3.774,3.859,455544.31
2026-03-01 04:00:00+00:00,3.859,3.866,3.773,3.814,343831.17
2026-03-01 08:00:00+00:00,3.814,3.832,3.749,3.767,469951.64
2026-03-01 12:00:00+00:00,3.767,3.835,3.734,3.784,248233.99
2026-03-01 16:00:00+00:00,3.784,3.832,3.716,3.731,273784.69
2026-03-01 20:00:00+00:00,3.731,3.785,3.667,3.745,250298.28
2026-03-02 00:00:00+00:00,3.745,3.852,3.741,3.836,217287.47
2026-03-02 04:00:00+00:00,3.836,3.853,3.739,3.762,139377.17
2026-03-02 08:00:00+00:00,3.762,3.826,3.718,3.778,406170.69
2026-03-02 12:00:00+00:00,3.778,4.038,3.743,3.985,695670.08
2026-03-02 16:00:00+00:00,3.985,4.047,3.891,3.943,434172.38
2026-03-02 20:00:00+00:00,3.943,3.976,3.901,3.928,280562.05
2026-03-03 00:00:00+00:00,3.928,3.941,3.867,3.911,298767.84
2026-03-03 04:00:00+00:00,3.911,3.921,3.845,3.881,233996.55
2026-03-03 08:00:00+00:00,3.881,3.893,3.785,3.798,280017.25
2026-03-03 12:00:00+00:00,3.798,3.874,3.75,3.845,350018.35
2026-03-03 16:00:00+00:00,3.845,3.928,3.823,3.877,292549.92
2026-03-03 20:00:00+00:00,3.877,3.938,3.84,3.913,157435.39
2026-03-04 00:00:00+00:00,3.913,3.962,3.858,3.926,357903.14
2026-03-04 04:00:00+00:00,3.926,3.961,3.871,3.957,247662.39
2026-03-04 08:00:00+00:00,3.957,4.082,3.934,3.983,601756.65
2026-03-04 12:00:00+00:00,3.983,4.05,3.915,4.041,541857.44
2026-03-04 16:00:00+00:00,4.041,4.089,3.975,4.067,401357.47
2026-03-04 20:00:00+00:00,4.067,4.068,3.94,3.977,226121.65
2026-03-05 00:00:00+00:00,3.977,4.022,3.958,3.986,283281.79
2026-03-05 04:00:00+00:00,3.986,4.018,3.955,3.968,185566.27
2026-03-05 08:00:00+00:00,3.968,4.088,3.966,4.043,361545.92
2026-03-05 12:00:00+00:00,4.043,4.094,3.983,4.006,441796.05
2026-03-05 16:00:00+00:00,4.006,4.033,3.927,3.994,400056.07
2026-03-05 20:00:00+00:00,3.994,4.021,3.965,3.97,120742.83
2026-03-06 00:00:00+00:00,3.97,4.022,3.947,3.984,274131.17
2026-03-06 04:00:00+00:00,3.984,4.017,3.943,4.012,166857.72
2026-03-06 08:00:00+00:00,4.012,4.012,3.926,3.93,207898.82
2026-03-06 12:00:00+00:00,3.93,3.957,3.808,3.831,634275.83
2026-03-06 16:00:00+00:00,3.831,3.881,3.815,3.847,219987.95
2026-03-06 20:00:00+00:00,3.847,3.86,3.823,3.848,69328.74
2026-03-07 00:00:00+00:00,3.848,3.869,3.831,3.831,110045.51
2026-03-07 04:00:00+00:00,3.831,3.841,3.786,3.828,133515.74
2026-03-07 08:00:00+00:00,3.828,3.844,3.802,3.817,97999.19
2026-03-07 12:00:00+00:00,3.817,3.836,3.784,3.795,104332.76
2026-03-07 16:00:00+00:00,3.795,3.821,3.758,3.767,146324.34
2026-03-07 20:00:00+00:00,3.767,3.788,3.738,3.771,97419.18
2026-03-08 00:00:00+00:00,3.771,3.777,3.707,3.722,130467.13
2026-03-08 04:00:00+00:00,3.722,3.746,3.69,3.725,104910.52
2026-03-08 08:00:00+00:00,3.725,3.797,3.711,3.742,145361.64
2026-03-08 12:00:00+00:00,3.742,3.763,3.675,3.695,342978.97
2026-03-08 16:00:00+00:00,3.695,3.73,3.656,3.712,85411.65
2026-03-08 20:00:00+00:00,3.712,3.732,3.611,3.66,223917.66
2026-03-09 00:00:00+00:00,3.66,3.792,3.659,3.738,243020.98
2026-03-09 04:00:00+00:00,3.738,3.835,3.737,3.777,510914.41
2026-03-09 08:00:00+00:00,3.777,3.867,3.774,3.806,253970.59
2026-03-09 12:00:00+00:00,3.806,3.97,3.804,3.934,522268.71
2026-03-09 16:00:00+00:00,3.934,3.99,3.874,3.927,296138.85
2026-03-09 20:00:00+00:00,3.927,3.938,3.851,3.86,122697.3
2026-03-10 00:00:00+00:00,3.86,3.989,3.857,3.9,303757.59
2026-03-10 04:00:00+00:00,3.9,3.955,3.897,3.954,147390.25
2026-03-10 08:00:00+00:00,3.954,3.997,3.931,3.938,233289.0
2026-03-10 12:00:00+00:00,3.938,3.98,3.845,3.942,597026.15
2026-03-10 16:00:00+00:00,3.942,3.945,3.843,3.861,347785.09
2026-03-10 20:00:00+00:00,3.861,3.878,3.825,3.844,159253.66
2026-03-11 00:00:00+00:00,3.844,3.875,3.826,3.834,168216.21
2026-03-11 04:00:00+00:00,3.834,3.865,3.804,3.823,139796.93
2026-03-11 08:00:00+00:00,3.823,3.881,3.822,3.864,224992.06
2026-03-11 12:00:00+00:00,3.864,3.967,3.847,3.901,321791.67
2026-03-11 16:00:00+00:00,3.901,3.945,3.883,3.925,170894.2
2026-03-11 20:00:00+00:00,3.925,3.937,3.883,3.899,118706.96
2026-03-12 00:00:00+00:00,3.899,3.906,3.846,3.855,186129.9
2026-03-12 04:00:00+00:00,3.855,3.894,3.843,3.889,85227.43
2026-03-12 08:00:00+00:00,3.889,3.95,3.87,3.914,251734.24
2026-03-12 12:00:00+00:00,3.914,3.93,3.843,3.895,321688.32
2026-03-12 16:00:00+00:00,3.895,3.93,3.873,3.91,187146.32
2026-03-12 20:00:00+00:00,3.91,3.937,3.884,3.917,81954.38
2026-03-13 00:00:00+00:00,3.917,4.063,3.905,4.041,367231.37
2026-03-13 04:00:00+00:00,4.041,4.051,3.972,3.993,173812.63
2026-03-13 08:00:00+00:00,3.993,4.132,3.98,4.088,530778.89
2026-03-13 12:00:00+00:00,4.088,4.209,4.059,4.067,569966.2
2026-03-13 16:00:00+00:00,4.067,4.111,4.005,4.03,298189.78
2026-03-13 20:00:00+00:00,4.03,4.05,3.983,4.004,131675.63
2026-03-14 00:00:00+00:00,4.004,4.019,3.969,4.008,215224.55
2026-03-14 04:00:00+00:00,4.008,4.021,3.921,3.927,254830.16
2026-03-14 08:00:00+00:00,3.927,3.944,3.905,3.928,147988.24
2026-03-14 12:00:00+00:00,3.928,3.952,3.918,3.932,125977.73
2026-03-14 16:00:00+00:00,3.932,3.94,3.909,3.912,51069.23
2026-03-14 20:00:00+00:00,3.912,3.95,3.911,3.946,79803.16
2026-03-15 00:00:00+00:00,3.946,3.985,3.916,3.954,130082.43
2026-03-15 04:00:00+00:00,3.954,3.976,3.936,3.944,144585.34
2026-03-15 08:00:00+00:00,3.944,3.997,3.941,3.997,79786.04
2026-03-15 12:00:00+00:00,3.997,3.997,3.934,3.956,120140.09
2026-03-15 16:00:00+00:00,3.956,4.01,3.947,4.004,96475.1
2026-03-15 20:00:00+00:00,4.004,4.113,3.991,4.069,250514.46
2026-03-16 00:00:00+00:00,4.069,4.177,4.048,4.099,437010.81
2026-03-16 04:00:00+00:00,4.099,4.128,3.974,4.078,1205042.58
2026-03-16 08:00:00+00:00,4.078,4.108,4.035,4.056,390108.19
2026-03-16 12:00:00+00:00,4.056,4.148,4.049,4.081,587237.25
2026-03-16 16:00:00+00:00,4.081,4.187,4.081,4.152,334543.27
2026-03-16 20:00:00+00:00,4.152,4.193,4.118,4.157,399142.68
2026-03-17 00:00:00+00:00,4.157,4.174,4.056,4.075,432641.43
2026-03-17 04:00:00+00:00,4.075,4.086,4.001,4.028,383259.55
2026-03-17 08:00:00+00:00,4.028,4.043,3.987,4.012,359098.07
2026-03-17 12:00:00+00:00,4.012,4.017,3.944,3.97,385717.53
2026-03-17 16:00:00+00:00,3.97,4.015,3.97,3.978,173842.61
2026-03-17 20:00:00+00:00,3.978,4.021,3.952,3.957,112741.15
2026-03-18 00:00:00+00:00,3.957,4.016,3.938,3.993,175908.57
2026-03-18 04:00:00+00:00,3.993,3.997,3.927,3.943,167666.29
2026-03-18 08:00:00+00:00,3.943,3.962,3.847,3.862,312701.46
2026-03-18 12:00:00+00:00,3.862,3.862,3.643,3.674,798305.75
2026-03-18 16:00:00+00:00,3.674,3.701,3.617,3.649,487435.74
2026-03-18 20:00:00+00:00,3.649,3.695,3.617,3.681,401892.43
2026-03-19 00:00:00+00:00,3.681,3.722,3.654,3.685,221937.8
2026-03-19 04:00:00+00:00,3.685,3.686,3.583,3.598,280718.14
2026-03-19 08:00:00+00:00,3.598,3.626,3.576,3.601,200625.67
2026-03-19 12:00:00+00:00,3.601,3.603,3.502,3.53,442080.34
2026-03-19 16:00:00+00:00,3.53,3.59,3.517,3.559,204441.57
2026-03-19 20:00:00+00:00,3.559,3.586,3.551,3.578,123284.32
2026-03-20 00:00:00+00:00,3.578,3.625,3.577,3.607,215539.54
2026-03-20 04:00:00+00:00,3.607,3.638,3.584,3.621,219978.91
2026-03-20 08:00:00+00:00,3.621,3.648,3.584,3.596,204169.91
2026-03-20 12:00:00+00:00,3.596,3.61,3.55,3.564,213109.86
2026-03-20 16:00:00+00:00,3.564,3.591,3.544,3.584,137658.88
2026-03-20 20:00:00+00:00,3.584,3.626,3.561,3.605,276400.81
2026-03-21 00:00:00+00:00,3.605,3.63,3.599,3.603,77233.93
2026-03-21 04:00:00+00:00,3.603,3.61,3.588,3.595,77470.52
2026-03-21 08:00:00+00:00,3.595,3.622,3.585,3.593,99334.47
2026-03-21 12:00:00+00:00,3.593,3.601,3.569,3.598,89534.51
2026-03-21 16:00:00+00:00,3.598,3.598,3.572,3.579,51309.34
2026-03-21 20:00:00+00:00,3.579,3.588,3.459,3.485,198934.24
2026-03-22 00:00:00+00:00,3.485,3.538,3.426,3.509,212107.04
2026-03-22 04:00:00+00:00,3.509,3.527,3.479,3.481,136572.18
2026-03-22 08:00:00+00:00,3.481,3.495,3.458,3.463,87535.19
2026-03-22 12:00:00+00:00,3.463,3.49,3.462,3.483,103476.94
2026-03-22 16:00:00+00:00,3.483,3.498,3.431,3.456,80958.21
2026-03-22 20:00:00+00:00,3.456,3.49,3.411,3.471,120441.87
2026-03-23 00:00:00+00:00,3.471,3.533,3.455,3.497,122143.68
2026-03-23 04:00:00+00:00,3.497,3.548,3.453,3.482,153658.34
2026-03-23 08:00:00+00:00,3.482,3.682,3.437,3.574,798944.22
2026-03-23 12:00:00+00:00,3.574,3.628,3.522,3.529,448885.66
2026-03-23 16:00:00+00:00,3.529,3.606,3.513,3.574,217689.14
2026-03-23 20:00:00+00:00,3.574,3.603,3.565,3.587,88870.03
2026-03-24 00:00:00+00:00,3.587,3.594,3.544,3.585,116396.29
2026-03-24 04:00:00+00:00,3.585,3.604,3.548,3.597,241502.78
2026-03-24 08:00:00+00:00,3.597,3.605,3.563,3.593,238875.2
2026-03-24 12:00:00+00:00,3.593,3.599,3.539,3.569,212317.57
2026-03-24 16:00:00+00:00,3.569,3.586,3.528,3.546,118938.08
2026-03-24 20:00:00+00:00,3.546,3.622,3.543,3.609,110941.13
2026-03-25 00:00:00+00:00,3.609,3.622,3.584,3.601,90480.94
2026-03-25 04:00:00+00:00,3.601,3.663,3.593,3.643,192364.11
2026-03-25 08:00:00+00:00,3.643,3.73,3.643,3.702,213235.47
2026-03-25 12:00:00+00:00,3.702,3.761,3.673,3.701,347299.6
2026-03-25 16:00:00+00:00,3.701,3.745,3.678,3.706,708878.18
2026-03-25 20:00:00+00:00,3.706,3.732,3.678,3.708,95819.0
2026-03-26 00:00:00+00:00,3.708,3.719,3.657,3.67,143117.03
2026-03-26 04:00:00+00:00,3.67,3.671,3.596,3.61,170612.12
2026-03-26 08:00:00+00:00,3.61,3.614,3.525,3.528,277806.58
2026-03-26 12:00:00+00:00,3.528,3.57,3.5,3.517,275460.73
2026-03-26 16:00:00+00:00,3.517,3.529,3.483,3.496,122475.31
2026-03-26 20:00:00+00:00,3.496,3.559,3.489,3.528,303872.01
2026-03-27 00:00:00+00:00,3.528,3.556,3.52,3.535,88814.48
2026-03-27 04:00:00+00:00,3.535,3.538,3.502,3.515,130595.24
2026-03-27 08:00:00+00:00,3.515,3.52,3.366,3.406,367143.94
2026-03-27 12:00:00+00:00,3.406,3.448,3.369,3.409,361135.29
2026-03-27 16:00:00+00:00,3.409,3.427,3.371,3.396,221674.88
2026-03-27 20:00:00+00:00,3.396,3.4,3.369,3.388,142120.91
2026-03-28 00:00:00+00:00,3.388,3.395,3.356,3.365,141971.24
2026-03-28 04:00:00+00:00,3.365,3.408,3.359,3.398,69427.16
2026-03-28 08:00:00+00:00,3.398,3.406,3.369,3.388,53730.54
2026-03-28 12:00:00+00:00,3.388,3.432,3.369,3.415,184325.64
2026-03-28 16:00:00+00:00,3.415,3.442,3.41,3.438,66186.32
2026-03-28 20:00:00+00:00,3.438,3.451,3.375,3.383,92615.44
2026-03-29 00:00:00+00:00,3.383,3.418,3.367,3.408,73113.78
2026-03-29 04:00:00+00:00,3.408,3.41,3.382,3.394,53278.04
2026-03-29 08:00:00+00:00,3.394,3.4,3.356,3.381,72341.24
2026-03-29 12:00:00+00:00,3.381,3.382,3.34,3.361,120651.97
2026-03-29 16:00:00+00:00,3.361,3.374,3.343,3.355,51845.74
2026-03-29 20:00:00+00:00,3.355,3.427,3.258,3.355,321488.25
2026-03-30 00:00:00+00:00,3.355,3.461,3.353,3.45,197494.44
2026-03-30 04:00:00+00:00,3.45,3.537,3.45,3.537,202057.61
2026-03-30 08:00:00+00:00,3.537,3.578,3.5,3.528,272327.17
2026-03-30 12:00:00+00:00,3.528,3.567,3.497,3.527,198795.16
2026-03-30 16:00:00+00:00,3.527,3.542,3.45,3.475,147079.05
2026-03-30 20:00:00+00:00,3.475,3.514,3.459,3.48,71061.52
2026-03-31 00:00:00+00:00,3.48,3.571,3.464,3.533,134105.6
2026-03-31 04:00:00+00:00,3.533,3.54,3.496,3.512,98768.51
2026-03-31 08:00:00+00:00,3.512,3.515,3.451,3.484,243377.88
2026-03-31 12:00:00+00:00,3.484,3.557,3.474,3.513,300650.17
2026-03-31 16:00:00+00:00,3.513,3.591,3.496,3.536,290204.97
2026-03-31 20:00:00+00:00,3.536,3.568,3.524,3.544,113586.94
2026-04-01 00:00:00+00:00,3.544,3.581,3.534,3.567,105553.45
2026-04-01 04:00:00+00:00,3.567,3.673,3.559,3.627,249639.22
2026-04-01 08:00:00+00:00,3.627,3.636,3.58,3.603,140746.23
2026-04-01 12:00:00+00:00,3.603,3.637,3.575,3.626,116802.35
2026-04-01 16:00:00+00:00,3.626,3.666,3.598,3.616,100759.27
2026-04-01 20:00:00+00:00,3.616,3.641,3.562,3.568,275719.15
2026-04-02 00:00:00+00:00,3.568,3.597,3.424,3.446,225361.54
2026-04-02 04:00:00+00:00,3.446,3.446,3.269,3.336,993637.78
2026-04-02 08:00:00+00:00,3.336,3.354,3.316,3.34,158731.35
2026-04-02 12:00:00+00:00,3.34,3.342,3.089,3.184,2524436.81
2026-04-02 16:00:00+00:00,3.184,3.215,3.114,3.131,539671.63
2026-04-02 20:00:00+00:00,3.131,3.178,3.113,3.175,429205.13
2026-04-03 00:00:00+00:00,3.175,3.213,3.157,3.184,168885.25
2026-04-03 04:00:00+00:00,3.184,3.257,3.17,3.236,221417.98
2026-04-03 08:00:00+00:00,3.236,3.255,3.195,3.218,161260.24
2026-04-03 12:00:00+00:00,3.218,3.242,3.158,3.169,198338.78
2026-04-03 16:00:00+00:00,3.169,3.194,3.154,3.16,112859.18
2026-04-03 20:00:00+00:00,3.16,3.184,3.148,3.172,82637.73
2026-04-04 00:00:00+00:00,3.172,3.181,3.151,3.165,84019.4
2026-04-04 04:00:00+00:00,3.165,3.168,3.146,3.15,55840.16
2026-04-04 08:00:00+00:00,3.15,3.155,3.099,3.129,170522.6
2026-04-04 12:00:00+00:00,3.129,3.15,3.106,3.126,253035.85
2026-04-04 16:00:00+00:00,3.126,3.158,3.121,3.131,98167.19
2026-04-04 20:00:00+00:00,3.131,3.148,3.12,3.125,69670.91
2026-04-05 00:00:00+00:00,3.125,3.13,3.1,3.114,74385.87
2026-04-05 04:00:00+00:00,3.114,3.114,3.059,3.079,170042.13
2026-04-05 08:00:00+00:00,3.079,3.086,3.064,3.079,83157.41
2026-04-05 12:00:00+00:00,3.079,3.131,3.059,3.097,130151.18
2026-04-05 16:00:00+00:00,3.097,3.113,3.079,3.098,64833.44
2026-04-05 20:00:00+00:00,3.098,3.161,3.078,3.148,177099.66
2026-04-06 00:00:00+00:00,3.148,3.198,3.142,3.164,148131.85
2026-04-06 04:00:00+00:00,3.164,3.172,3.14,3.153,119936.04
2026-04-06 08:00:00+00:00,3.153,3.21,3.153,3.2,141859.6
2026-04-06 12:00:00+00:00,3.2,3.208,3.158,3.189,203852.76
2026-04-06 16:00:00+00:00,3.189,3.192,3.144,3.155,94687.91
2026-04-06 20:00:00+00:00,3.155,3.163,3.071,3.096,116647.59
2026-04-07 00:00:00+00:00,3.096,3.11,3.051,3.081,219617.1
2026-04-07 04:00:00+00:00,3.081,3.097,3.052,3.073,92240.27
2026-04-07 08:00:00+00:00,3.073,3.109,3.044,3.052,188533.06
2026-04-07 12:00:00+00:00,3.052,3.076,3.023,3.03,324818.21
2026-04-07 16:00:00+00:00,3.03,3.107,3.015,3.107,196424.6
2026-04-07 20:00:00+00:00,3.107,3.322,3.1,3.286,470891.77
2026-04-08 00:00:00+00:00,3.286,3.3,3.207,3.21,181459.72
2026-04-08 04:00:00+00:00,3.21,3.256,3.208,3.252,151088.84
2026-04-08 08:00:00+00:00,3.252,3.265,3.218,3.228,123817.57
2026-04-08 12:00:00+00:00,3.228,3.247,3.151,3.172,252606.32
2026-04-08 16:00:00+00:00,3.172,3.2,3.139,3.156,118740.75
2026-04-08 20:00:00+00:00,3.156,3.171,3.11,3.121,104501.11
2026-04-09 00:00:00+00:00,3.121,3.124,3.05,3.057,199719.29
2026-04-09 04:00:00+00:00,3.057,3.101,3.048,3.086,130548.14
2026-04-09 08:00:00+00:00,3.086,3.1,3.069,3.074,92657.02
2026-04-09 12:00:00+00:00,3.074,3.137,3.061,3.129,250044.65
2026-04-09 16:00:00+00:00,3.129,3.152,3.109,3.142,181628.65
2026-04-09 20:00:00+00:00,3.142,3.22,3.1,3.107,179642.04
2026-04-10 00:00:00+00:00,3.107,3.137,3.089,3.108,101714.91
2026-04-10 04:00:00+00:00,3.108,3.154,3.101,3.111,162984.02
2026-04-10 08:00:00+00:00,3.111,3.132,3.092,3.122,132838.4
2026-04-10 12:00:00+00:00,3.122,3.198,3.12,3.159,266402.84
2026-04-10 16:00:00+00:00,3.159,3.197,3.149,3.194,95863.44
2026-04-10 20:00:00+00:00,3.194,3.197,3.155,3.166,92374.21
2026-04-11 00:00:00+00:00,3.166,3.171,3.139,3.15,97200.5
2026-04-11 04:00:00+00:00,3.15,3.162,3.126,3.141,64151.95
2026-04-11 08:00:00+00:00,3.141,3.156,3.134,3.139,60779.23
2026-04-11 12:00:00+00:00,3.139,3.152,3.114,3.147,89015.66
2026-04-11 16:00:00+00:00,3.147,3.222,3.145,3.21,137256.57
2026-04-11 20:00:00+00:00,3.21,3.212,3.141,3.151,123183.07
2026-04-12 00:00:00+00:00,3.151,3.158,3.048,3.083,282017.14
2026-04-12 04:00:00+00:00,3.083,3.085,3.064,3.076,68044.54
2026-04-12 08:00:00+00:00,3.076,3.081,3.035,3.05,152143.06
2026-04-12 12:00:00+00:00,3.05,3.059,3.012,3.029,118753.86
2026-04-12 16:00:00+00:00,3.029,3.055,3.016,3.034,80072.89
2026-04-12 20:00:00+00:00,3.034,3.059,3.004,3.019,106749.46
2026-04-13 00:00:00+00:00,3.019,3.055,3.014,3.043,78322.0
2026-04-13 04:00:00+00:00,3.043,3.082,3.041,3.052,113860.68
2026-04-13 08:00:00+00:00,3.052,3.052,3.007,3.019,216420.12
2026-04-13 12:00:00+00:00,3.019,3.099,3.01,3.087,198018.3
2026-04-13 16:00:00+00:00,3.087,3.145,3.07,3.137,191132.0
2026-04-13 20:00:00+00:00,3.137,3.258,3.111,3.233,301973.43
2026-04-14 00:00:00+00:00,3.233,3.25,3.186,3.199,208693.49
2026-04-14 04:00:00+00:00,3.199,3.201,3.159,3.176,134563.08
2026-04-14 08:00:00+00:00,3.176,3.201,3.169,3.178,92304.38
2026-04-14 12:00:00+00:00,3.178,3.222,3.15,3.158,25099.37
2026-04-14 16:00:00+00:00,3.158,3.175,3.094,3.117,19697.18
2026-04-14 20:00:00+00:00,3.117,3.134,3.11,3.131,6668.45
2026-04-15 00:00:00+00:00,3.131,3.17,3.131,3.155,5965.65
2026-04-15 04:00:00+00:00,3.155,3.169,3.12,3.128,7051.79
2026-04-15 08:00:00+00:00,3.128,3.186,3.126,3.18,6584.8
2026-04-15 12:00:00+00:00,3.18,3.219,3.171,3.193,23919.96
2026-04-15 16:00:00+00:00,3.193,3.261,3.19,3.24,12530.43
2026-04-15 20:00:00+00:00,3.24,3.249,3.208,3.224,10701.3
2026-04-16 00:00:00+00:00,3.224,3.25,3.197,3.235,5308.72
2026-04-16 04:00:00+00:00,3.235,3.274,3.232,3.264,7563.93
2026-04-16 08:00:00+00:00,3.264,3.278,3.239,3.258,11575.67
2026-04-16 12:00:00+00:00,3.258,3.403,3.241,3.403,58333.05
2026-04-16 16:00:00+00:00,3.403,3.467,3.328,3.461,47515.4
2026-04-16 20:00:00+00:00,3.461,3.467,3.395,3.428,26703.44
2026-04-17 00:00:00+00:00,3.428,3.433,3.358,3.358,10015.23
2026-04-17 04:00:00+00:00,3.358,3.401,3.327,3.4,15559.11
2026-04-17 08:00:00+00:00,3.4,3.456,3.395,3.454,22732.97
2026-04-17 12:00:00+00:00,3.454,3.535,3.438,3.507,97641.62
2026-04-17 16:00:00+00:00,3.507,3.579,3.486,3.509,27542.84
2026-04-17 20:00:00+00:00,3.509,3.523,3.452,3.452,38265.46
2026-04-18 00:00:00+00:00,3.452,3.47,3.439,3.441,6332.72
2026-04-18 04:00:00+00:00,3.441,3.479,3.437,3.465,12295.89
2026-04-18 08:00:00+00:00,3.465,3.471,3.344,3.361,29904.95
2026-04-18 12:00:00+00:00,3.361,3.399,3.347,3.382,23038.7
2026-04-18 16:00:00+00:00,3.382,3.395,3.332,3.348,29826.57
2026-04-18 20:00:00+00:00,3.348,3.381,3.338,3.348,3878.15
2026-04-19 00:00:00+00:00,3.348,3.359,3.277,3.302,22161.39
2026-04-19 04:00:00+00:00,3.302,3.317,3.244,3.272,19898.67
2026-04-19 08:00:00+00:00,3.272,3.32,3.266,3.317,7692.4
2026-04-19 12:00:00+00:00,3.317,3.361,3.291,3.317,23811.46
2026-04-19 16:00:00+00:00,3.317,3.326,3.257,3.292,14523.83
2026-04-19 20:00:00+00:00,3.292,3.294,3.208,3.23,38400.2
2026-04-20 00:00:00+00:00,3.23,3.279,3.23,3.276,10418.34
2026-04-20 04:00:00+00:00,3.276,3.33,3.231,3.286,7090.94
2026-04-20 08:00:00+00:00,3.286,3.292,3.252,3.254,14681.48
2026-04-20 12:00:00+00:00,3.254,3.282,3.197,3.236,14220.92
2026-04-20 16:00:00+00:00,3.236,3.285,3.22,3.262,8467.89
2026-04-20 20:00:00+00:00,3.262,3.288,3.222,3.233,9660.43
2026-04-21 00:00:00+00:00,3.233,3.269,3.213,3.245,4643.78
2026-04-21 04:00:00+00:00,3.245,3.267,3.23,3.253,11838.74
2026-04-21 08:00:00+00:00,3.253,3.295,3.249,3.275,7329.67
2026-04-21 12:00:00+00:00,3.275,3.283,3.234,3.245,16324.44
2026-04-21 16:00:00+00:00,3.245,3.264,3.187,3.201,11729.05
2026-04-21 20:00:00+00:00,3.201,3.276,3.2,3.272,18232.81
2026-04-22 00:00:00+00:00,3.272,3.339,3.258,3.32,13902.58
2026-04-22 04:00:00+00:00,3.32,3.399,3.314,3.395,14367.93
2026-04-22 08:00:00+00:00,3.395,3.408,3.375,3.387,18626.97
2026-04-22 12:00:00+00:00,3.387,3.439,3.371,3.409,68968.78
2026-04-22 16:00:00+00:00,3.409,3.423,3.372,3.381,23313.52
2026-04-22 20:00:00+00:00,3.381,3.381,3.315,3.316,10526.06
2026-04-23 00:00:00+00:00,3.316,3.327,3.246,3.257,11113.46
2026-04-23 04:00:00+00:00,3.257,3.307,3.251,3.252,28454.38
2026-04-23 08:00:00+00:00,3.252,3.256,3.214,3.248,50772.66
2026-04-23 12:00:00+00:00,3.248,3.314,3.246,3.297,13590.26
2026-04-23 16:00:00+00:00,3.297,3.304,3.212,3.255,21942.67
2026-04-23 20:00:00+00:00,3.255,3.299,3.255,3.293,6022.24
2026-04-24 00:00:00+00:00,3.293,3.311,3.221,3.239,12669.02
2026-04-24 04:00:00+00:00,3.239,3.266,3.228,3.25,19342.68
2026-04-24 08:00:00+00:00,3.25,3.285,3.238,3.277,7406.6
2026-04-24 12:00:00+00:00,3.277,3.289,3.243,3.262,18155.78
2026-04-24 16:00:00+00:00,3.262,3.27,3.235,3.268,5380.63
2026-04-24 20:00:00+00:00,3.268,3.29,3.24,3.254,11458.87
2026-04-25 00:00:00+00:00,3.254,3.279,3.25,3.272,45481.6
2026-04-25 04:00:00+00:00,3.272,3.28,3.251,3.26,7071.62
2026-04-25 08:00:00+00:00,3.26,3.278,3.238,3.249,28569.34
2026-04-25 12:00:00+00:00,3.249,3.262,3.237,3.241,9560.61
2026-04-25 16:00:00+00:00,3.241,3.249,3.227,3.234,18898.72
2026-04-25 20:00:00+00:00,3.234,3.263,3.23,3.258,4211.41
2026-04-26 00:00:00+00:00,3.258,3.258,3.231,3.253,6468.02
2026-04-26 04:00:00+00:00,3.253,3.295,3.242,3.284,6302.63
2026-04-26 08:00:00+00:00,3.284,3.299,3.274,3.29,39476.87
2026-04-26 12:00:00+00:00,3.29,3.291,3.258,3.277,6979.52
2026-04-26 16:00:00+00:00,3.277,3.309,3.261,3.294,8233.34
2026-04-26 20:00:00+00:00,3.294,3.302,3.266,3.282,10587.44
2026-04-27 00:00:00+00:00,3.282,3.36,3.267,3.346,10324.81
2026-04-27 04:00:00+00:00,3.346,3.359,3.225,3.228,55320.09
2026-04-27 08:00:00+00:00,3.228,3.255,3.221,3.255,13674.87
2026-04-27 12:00:00+00:00,3.255,3.287,3.18,3.195,35865.82
2026-04-27 16:00:00+00:00,3.195,3.222,3.185,3.21,13014.14
2026-04-27 20:00:00+00:00,3.21,3.255,3.21,3.251,9469.96
2026-04-28 00:00:00+00:00,3.251,3.256,3.218,3.225,3913.32
2026-04-28 04:00:00+00:00,3.225,3.24,3.196,3.218,4777.08
2026-04-28 08:00:00+00:00,3.218,3.24,3.211,3.216,4247.73
2026-04-28 12:00:00+00:00,3.216,3.233,3.191,3.223,18352.35
2026-04-28 16:00:00+00:00,3.223,3.273,3.216,3.271,19696.44
2026-04-28 20:00:00+00:00,3.271,3.275,3.233,3.243,3118.05
2026-04-29 00:00:00+00:00,3.243,3.274,3.231,3.272,13251.76
2026-04-29 04:00:00+00:00,3.272,3.306,3.268,3.29,13328.99
2026-04-29 08:00:00+00:00,3.29,3.327,3.265,3.298,6723.15
2026-04-29 12:00:00+00:00,3.298,3.298,3.179,3.187,50227.37
2026-04-29 16:00:00+00:00,3.187,3.212,3.11,3.149,19663.0
2026-04-29 20:00:00+00:00,3.149,3.198,3.149,3.191,10201.35
2026-04-30 00:00:00+00:00,3.191,3.224,3.166,3.19,7531.43
2026-04-30 04:00:00+00:00,3.19,3.204,3.144,3.196,23283.16
2026-04-30 08:00:00+00:00,3.196,3.227,3.193,3.205,8742.18
2026-04-30 12:00:00+00:00,3.205,3.222,3.178,3.195,5484.58
2026-04-30 16:00:00+00:00,3.195,3.208,3.18,3.195,4245.07
2026-04-30 20:00:00+00:00,3.195,3.198,3.172,3.188,5239.15
2026-05-01 00:00:00+00:00,3.188,3.243,3.188,3.225,6517.8
2026-05-01 04:00:00+00:00,3.225,3.233,3.199,3.213,4852.98
2026-05-01 08:00:00+00:00,3.213,3.222,3.193,3.209,5291.48
2026-05-01 12:00:00+00:00,3.209,3.276,3.206,3.249,32132.37
2026-05-01 16:00:00+00:00,3.249,3.257,3.224,3.224,7762.15
2026-05-01 20:00:00+00:00,3.224,3.227,3.19,3.205,7674.71
2026-05-02 00:00:00+00:00,3.205,3.22,3.199,3.219,4985.14
2026-05-02 04:00:00+00:00,3.219,3.219,3.193,3.201,13502.67
2026-05-02 08:00:00+00:00,3.201,3.222,3.199,3.22,6155.87
2026-05-02 12:00:00+00:00,3.22,3.248,3.216,3.246,4069.12
2026-05-02 16:00:00+00:00,3.246,3.259,3.235,3.252,5113.46
2026-05-02 20:00:00+00:00,3.252,3.278,3.246,3.255,5367.45
2026-05-03 00:00:00+00:00,3.255,3.261,3.208,3.216,3589.11
2026-05-03 04:00:00+00:00,3.216,3.233,3.209,3.225,5979.18
2026-05-03 08:00:00+00:00,3.225,3.265,3.221,3.252,19860.29
2026-05-03 12:00:00+00:00,3.252,3.267,3.233,3.248,4384.65
2026-05-03 16:00:00+00:00,3.248,3.254,3.234,3.246,5428.24
2026-05-03 20:00:00+00:00,3.246,3.274,3.222,3.234,6454.72
2026-05-04 00:00:00+00:00,3.234,3.352,3.211,3.346,48529.21
2026-05-04 04:00:00+00:00,3.346,3.451,3.346,3.375,27826.76
2026-05-04 08:00:00+00:00,3.375,3.418,3.262,3.282,33860.25
2026-05-04 12:00:00+00:00,3.282,3.351,3.248,3.298,44845.05
2026-05-04 16:00:00+00:00,3.298,3.335,3.273,3.287,27228.51
2026-05-04 20:00:00+00:00,3.287,3.304,3.263,3.275,4152.45
2026-05-05 00:00:00+00:00,3.275,3.332,3.272,3.318,8521.86
2026-05-05 04:00:00+00:00,3.318,3.356,3.313,3.345,6004.17
2026-05-05 08:00:00+00:00,3.345,3.362,3.332,3.359,9973.65
2026-05-05 12:00:00+00:00,3.359,3.391,3.343,3.368,17682.59
2026-05-05 16:00:00+00:00,3.368,3.373,3.338,3.367,16406.92
2026-05-05 20:00:00+00:00,3.367,3.398,3.344,3.361,9589.47
2026-05-06 00:00:00+00:00,3.361,3.398,3.34,3.394,34950.66
2026-05-06 04:00:00+00:00,3.394,3.408,3.367,3.399,22926.91
2026-05-06 08:00:00+00:00,3.399,3.551,3.399,3.517,31774.08
2026-05-06 12:00:00+00:00,3.517,3.537,3.4,3.482,33382.06
2026-05-06 16:00:00+00:00,3.482,3.491,3.439,3.465,12940.9
2026-05-06 20:00:00+00:00,3.465,3.49,3.443,3.474,22606.15
2026-05-07 00:00:00+00:00,3.474,3.481,3.399,3.4,17978.36
2026-05-07 04:00:00+00:00,3.4,3.508,3.392,3.496,18048.06
2026-05-07 08:00:00+00:00,3.496,3.498,3.448,3.478,10154.19
2026-05-07 12:00:00+00:00,3.478,3.508,3.38,3.407,47824.14
2026-05-07 16:00:00+00:00,3.407,3.452,3.395,3.424,24524.97
2026-05-07 20:00:00+00:00,3.424,3.451,3.394,3.435,13291.26
2026-05-08 00:00:00+00:00,3.435,3.453,3.389,3.422,16712.45
2026-05-08 04:00:00+00:00,3.422,3.477,3.396,3.436,14004.68
2026-05-08 08:00:00+00:00,3.436,3.512,3.435,3.507,18533.57
2026-05-08 12:00:00+00:00,3.507,3.612,3.472,3.6,50361.55
2026-05-08 16:00:00+00:00,3.6,3.703,3.59,3.69,32105.81
2026-05-08 20:00:00+00:00,3.69,3.734,3.67,3.711,6776.02
2026-05-09 00:00:00+00:00,3.711,3.824,3.693,3.744,25129.2
2026-05-09 04:00:00+00:00,3.744,3.761,3.67,3.674,14245.47
2026-05-09 08:00:00+00:00,3.674,3.686,3.638,3.662,6998.51
2026-05-09 12:00:00+00:00,3.662,3.67,3.618,3.635,24397.53
2026-05-09 16:00:00+00:00,3.635,3.741,3.628,3.721,31933.57
2026-05-09 20:00:00+00:00,3.721,3.811,3.716,3.81,9004.26
2026-05-10 00:00:00+00:00,3.81,3.824,3.689,3.714,16238.36
2026-05-10 04:00:00+00:00,3.714,4.057,3.709,4.001,83626.96
2026-05-10 08:00:00+00:00,4.001,4.056,3.872,3.925,26748.24
2026-05-10 12:00:00+00:00,3.925,4.167,3.921,4.02,111995.42
2026-05-10 16:00:00+00:00,4.02,4.083,3.99,4.057,42076.97
2026-05-10 20:00:00+00:00,4.057,4.062,3.891,3.995,61430.87
2026-05-11 00:00:00+00:00,3.995,4.009,3.882,3.948,9892.06
2026-05-11 04:00:00+00:00,3.948,3.979,3.884,3.904,17314.68
2026-05-11 08:00:00+00:00,3.904,3.952,3.898,3.909,16179.24
2026-05-11 12:00:00+00:00,3.909,3.922,3.819,3.903,18406.0
2026-05-11 16:00:00+00:00,3.903,3.929,3.867,3.909,10143.23
2026-05-11 20:00:00+00:00,3.909,3.927,3.869,3.898,7474.42
2026-05-12 00:00:00+00:00,3.898,3.904,3.787,3.812,14782.93
2026-05-12 04:00:00+00:00,3.812,3.847,3.807,3.825,9750.66
2026-05-12 08:00:00+00:00,3.825,3.83,3.746,3.767,8512.59
2026-05-12 12:00:00+00:00,3.767,3.784,3.698,3.707,6216.25
2026-05-12 16:00:00+00:00,3.707,3.776,3.688,3.767,3514.63
2026-05-12 20:00:00+00:00,3.767,3.784,3.757,3.765,3999.69
2026-05-13 00:00:00+00:00,3.765,3.84,3.757,3.833,17728.86
2026-05-13 04:00:00+00:00,3.833,3.845,3.783,3.793,6211.5
2026-05-13 08:00:00+00:00,3.793,3.84,3.742,3.752,7663.28
2026-05-13 12:00:00+00:00,3.752,3.76,3.579,3.586,30034.81
2026-05-13 16:00:00+00:00,3.586,3.657,3.586,3.623,5716.31
2026-05-13 20:00:00+00:00,3.623,3.643,3.601,3.622,7626.21
2026-05-14 00:00:00+00:00,3.622,3.647,3.565,3.571,12351.86
2026-05-14 04:00:00+00:00,3.571,3.623,3.567,3.595,22400.56
2026-05-14 08:00:00+00:00,3.595,3.614,3.575,3.591,5553.41
2026-05-14 12:00:00+00:00,3.591,3.763,3.584,3.761,55789.58
2026-05-14 16:00:00+00:00,3.761,3.818,3.731,3.789,32812.73
2026-05-14 20:00:00+00:00,3.789,3.796,3.721,3.733,5325.17
2026-05-15 00:00:00+00:00,3.733,3.758,3.683,3.708,4272.8
2026-05-15 04:00:00+00:00,3.708,3.725,3.63,3.708,14305.61
2026-05-15 08:00:00+00:00,3.708,3.724,3.663,3.672,7341.17
2026-05-15 12:00:00+00:00,3.672,3.689,3.525,3.601,21129.6
2026-05-15 16:00:00+00:00,3.601,3.637,3.6,3.605,10606.38
2026-05-15 20:00:00+00:00,3.605,3.615,3.588,3.6,5169.46
2026-05-16 00:00:00+00:00,3.6,3.618,3.579,3.587,2995.19
2026-05-16 04:00:00+00:00,3.587,3.589,3.482,3.539,24244.94
2026-05-16 08:00:00+00:00,3.539,3.57,3.462,3.481,6222.85
2026-05-16 12:00:00+00:00,3.481,3.521,3.474,3.503,3040.22
2026-05-16 16:00:00+00:00,3.503,3.52,3.492,3.51,3229.85
2026-05-16 20:00:00+00:00,3.51,3.52,3.485,3.485,5136.86
2026-05-17 00:00:00+00:00,3.485,3.497,3.449,3.492,3942.41
2026-05-17 04:00:00+00:00,3.492,3.528,3.489,3.517,4328.16
2026-05-17 08:00:00+00:00,3.517,3.576,3.5,3.575,8047.89
2026-05-17 12:00:00+00:00,3.575,3.609,3.531,3.554,16322.48
2026-05-17 16:00:00+00:00,3.554,3.581,3.524,3.58,7161.33
2026-05-17 20:00:00+00:00,3.58,3.595,3.383,3.471,17668.63
2026-05-18 00:00:00+00:00,3.471,3.479,3.417,3.435,3468.17
2026-05-18 04:00:00+00:00,3.435,3.45,3.397,3.408,9321.32
2026-05-18 08:00:00+00:00,3.408,3.453,3.358,3.429,14107.25
2026-05-18 12:00:00+00:00,3.429,3.475,3.359,3.385,7151.86
2026-05-18 16:00:00+00:00,3.385,3.448,3.364,3.442,5382.32
2026-05-18 20:00:00+00:00,3.442,3.552,3.431,3.544,8177.08
2026-05-19 00:00:00+00:00,3.544,3.588,3.508,3.533,17089.69
2026-05-19 04:00:00+00:00,3.533,3.548,3.494,3.523,10462.13
2026-05-19 08:00:00+00:00,3.523,3.531,3.464,3.466,3844.3
2026-05-19 12:00:00+00:00,3.466,3.509,3.436,3.453,6704.21
2026-05-19 16:00:00+00:00,3.453,3.498,3.446,3.461,3965.64
2026-05-19 20:00:00+00:00,3.461,3.488,3.44,3.451,4484.72
2026-05-20 00:00:00+00:00,3.451,3.468,3.429,3.46,16051.74
2026-05-20 04:00:00+00:00,3.46,3.585,3.459,3.552,22560.93
2026-05-20 08:00:00+00:00,3.552,3.666,3.549,3.596,19180.9
2026-05-20 12:00:00+00:00,3.596,3.649,3.557,3.636,6238.83
2026-05-20 16:00:00+00:00,3.636,3.642,3.59,3.617,30633.62
2026-05-20 20:00:00+00:00,3.617,3.645,3.596,3.614,10631.84
2026-05-21 00:00:00+00:00,3.614,3.684,3.613,3.655,5001.25
2026-05-21 04:00:00+00:00,3.655,3.682,3.62,3.652,8414.45
2026-05-21 08:00:00+00:00,3.652,3.69,3.57,3.576,12321.31
2026-05-21 12:00:00+00:00,3.576,3.59,3.544,3.567,7287.3
2026-05-21 16:00:00+00:00,3.567,3.638,3.53,3.628,28029.79
2026-05-21 20:00:00+00:00,3.628,3.638,3.592,3.611,6731.09
2026-05-22 00:00:00+00:00,3.611,3.653,3.572,3.638,4729.75
2026-05-22 04:00:00+00:00,3.638,3.654,3.6,3.603,25688.07
2026-05-22 08:00:00+00:00,3.603,3.64,3.573,3.64,6873.45
2026-05-22 12:00:00+00:00,3.64,3.681,3.586,3.595,8783.66
2026-05-22 16:00:00+00:00,3.595,3.674,3.454,3.476,57997.67
2026-05-22 20:00:00+00:00,3.476,3.539,3.384,3.404,33003.55
2026-05-23 00:00:00+00:00,3.404,3.404,3.3,3.375,47266.35
2026-05-23 04:00:00+00:00,3.375,3.376,3.269,3.288,13921.25
2026-05-23 08:00:00+00:00,3.288,3.323,3.279,3.3,8429.24
2026-05-23 12:00:00+00:00,3.3,3.409,3.293,3.403,11123.13
2026-05-23 16:00:00+00:00,3.403,3.45,3.384,3.439,4347.54
2026-05-23 20:00:00+00:00,3.439,3.568,3.428,3.464,9620.3
2026-05-24 00:00:00+00:00,3.464,3.469,3.439,3.446,6440.24
2026-05-24 04:00:00+00:00,3.446,3.469,3.429,3.456,4332.3
2026-05-24 08:00:00+00:00,3.456,3.475,3.442,3.448,4309.7
2026-05-24 12:00:00+00:00,3.448,3.448,3.348,3.389,7528.56
2026-05-24 16:00:00+00:00,3.389,3.401,3.373,3.381,3827.06
2026-05-24 20:00:00+00:00,3.381,3.395,3.325,3.385,4971.29
2026-05-25 00:00:00+00:00,3.385,3.408,3.361,3.372,3963.35
2026-05-25 04:00:00+00:00,3.372,3.437,3.332,3.372,57719.98
2026-05-25 08:00:00+00:00,3.372,3.39,3.359,3.361,7038.96
2026-05-25 12:00:00+00:00,3.361,3.4,3.35,3.37,4856.4
2026-05-25 16:00:00+00:00,3.37,3.386,3.339,3.351,4565.86
2026-05-25 20:00:00+00:00,3.351,3.358,3.309,3.329,4462.76
2026-05-26 00:00:00+00:00,3.329,3.33,3.27,3.288,9488.82
2026-05-26 04:00:00+00:00,3.288,3.319,3.271,3.29,7008.79
2026-05-26 08:00:00+00:00,3.29,3.366,3.288,3.345,7562.3
2026-05-26 12:00:00+00:00,3.345,3.386,3.275,3.296,6492.89
2026-05-26 16:00:00+00:00,3.296,3.297,3.23,3.262,6304.23
2026-05-26 20:00:00+00:00,3.262,3.267,3.238,3.249,4632.39
2026-05-27 00:00:00+00:00,3.249,3.286,3.249,3.26,15353.1
2026-05-27 04:00:00+00:00,3.26,3.298,3.23,3.288,12595.86
2026-05-27 08:00:00+00:00,3.288,3.301,3.248,3.265,8768.35
2026-05-27 12:00:00+00:00,3.265,3.319,3.24,3.295,9945.31
2026-05-27 16:00:00+00:00,3.295,3.305,3.239,3.272,3436.89
2026-05-27 20:00:00+00:00,3.272,3.284,3.064,3.095,67964.67
2026-05-28 00:00:00+00:00,3.095,3.115,3.036,3.04,17199.43
2026-05-28 04:00:00+00:00,3.04,3.058,3.017,3.043,9014.22
2026-05-28 08:00:00+00:00,3.043,3.048,2.992,3.01,11622.94
2026-05-28 12:00:00+00:00,3.01,3.027,2.976,3.009,12560.81
2026-05-28 16:00:00+00:00,3.009,3.082,2.997,3.047,9489.74
2026-05-28 20:00:00+00:00,3.047,3.08,3.038,3.052,4417.75
2026-05-29 00:00:00+00:00,3.052,3.076,3.029,3.03,9830.57
2026-05-29 04:00:00+00:00,3.03,3.073,3.021,3.056,10583.2
2026-05-29 08:00:00+00:00,3.056,3.069,2.98,2.994,142289.25
2026-05-29 12:00:00+00:00,2.994,3.068,2.949,3.056,115554.54
2026-05-29 16:00:00+00:00,3.056,3.069,2.99,3.009,34978.02
2026-05-29 20:00:00+00:00,3.009,3.03,3.001,3.02,8780.14
2026-05-30 00:00:00+00:00,3.02,3.086,3.016,3.065,9233.3
2026-05-30 04:00:00+00:00,3.065,3.07,2.997,3.014,16514.1
2026-05-30 08:00:00+00:00,3.014,3.038,3.013,3.035,3820.42
2026-05-30 12:00:00+00:00,3.035,3.051,3.027,3.047,24381.13
2026-05-30 16:00:00+00:00,3.047,3.075,3.041,3.068,6001.39
2026-05-30 20:00:00+00:00,3.068,3.081,3.041,3.056,14837.28
2026-05-31 00:00:00+00:00,3.056,3.072,3.015,3.063,7453.45
2026-05-31 04:00:00+00:00,3.063,3.071,3.027,3.036,14612.7
2026-05-31 08:00:00+00:00,3.036,3.049,3.016,3.034,6742.87
2026-05-31 12:00:00+00:00,3.034,3.052,2.979,2.991,25546.37
2026-05-31 16:00:00+00:00,2.991,2.994,2.96,2.99,57343.88
2026-05-31 20:00:00+00:00,2.99,3.041,2.99,3.025,45274.44
2026-06-01 00:00:00+00:00,3.025,3.043,2.981,3.025,27219.3
2026-06-01 04:00:00+00:00,3.025,3.034,2.956,2.957,13958.29
2026-06-01 08:00:00+00:00,2.957,2.979,2.936,2.958,10923.61
2026-06-01 12:00:00+00:00,2.958,2.974,2.907,2.932,28482.97
2026-06-01 16:00:00+00:00,2.932,3.001,2.914,2.996,17901.99
2026-06-01 20:00:00+00:00,2.996,2.999,2.946,2.985,5261.1
2026-06-02 00:00:00+00:00,2.985,2.985,2.9,2.965,9916.75
2026-06-02 04:00:00+00:00,2.965,2.968,2.889,2.911,47248.88
2026-06-02 08:00:00+00:00,2.911,2.927,2.893,2.907,11428.99
2026-06-02 12:00:00+00:00,2.907,2.924,2.767,2.802,24989.91
2026-06-02 16:00:00+00:00,2.802,2.865,2.777,2.832,17922.38
2026-06-02 20:00:00+00:00,2.832,2.858,2.738,2.798,14858.62
2026-06-03 00:00:00+00:00,2.798,2.833,2.758,2.766,11157.98
2026-06-03 04:00:00+00:00,2.766,2.875,2.766,2.872,16660.62
2026-06-03 08:00:00+00:00,2.872,2.938,2.86,2.894,7265.57
2026-06-03 12:00:00+00:00,2.894,2.929,2.875,2.899,10091.57
2026-06-03 16:00:00+00:00,2.899,2.909,2.821,2.822,14417.72
2026-06-03 20:00:00+00:00,2.822,2.868,2.772,2.8,12003.79
2026-06-04 00:00:00+00:00,2.8,2.826,2.571,2.756,24012.78
2026-06-04 04:00:00+00:00,2.756,2.769,2.674,2.674,7126.37
2026-06-04 08:00:00+00:00,2.674,2.696,2.608,2.63,29317.27
2026-06-04 12:00:00+00:00,2.63,2.707,2.611,2.699,11269.14
2026-06-04 16:00:00+00:00,2.699,2.699,2.628,2.667,16339.9
2026-06-04 20:00:00+00:00,2.667,2.677,2.604,2.655,6233.65
2026-06-05 00:00:00+00:00,2.655,2.665,2.558,2.568,10359.06
2026-06-05 04:00:00+00:00,2.568,2.616,2.41,2.547,32303.13
2026-06-05 08:00:00+00:00,2.547,2.569,2.511,2.512,29090.29
2026-06-05 12:00:00+00:00,2.512,2.542,2.402,2.425,25302.21
2026-06-05 16:00:00+00:00,2.425,2.484,2.346,2.433,21607.72
2026-06-05 20:00:00+00:00,2.433,2.496,2.404,2.462,12149.96
2026-06-06 00:00:00+00:00,2.462,2.487,2.405,2.414,4689.68
2026-06-06 04:00:00+00:00,2.414,2.448,2.319,2.44,18206.71
2026-06-06 08:00:00+00:00,2.44,2.468,2.392,2.427,9017.61
2026-06-06 12:00:00+00:00,2.427,2.459,2.414,2.448,11973.13
2026-06-06 16:00:00+00:00,2.448,2.453,2.418,2.42,10156.53
2026-06-06 20:00:00+00:00,2.42,2.469,2.414,2.465,8179.78
2026-06-07 00:00:00+00:00,2.465,2.538,2.462,2.528,3862.79
2026-06-07 04:00:00+00:00,2.528,2.577,2.514,2.577,15627.01
2026-06-07 08:00:00+00:00,2.577,2.604,2.541,2.545,63342.89
2026-06-07 12:00:00+00:00,2.545,2.547,2.497,2.513,15836.28
2026-06-07 16:00:00+00:00,2.513,2.536,2.475,2.489,7419.48
2026-06-07 20:00:00+00:00,2.489,2.621,2.484,2.573,12493.88
2026-06-08 00:00:00+00:00,2.573,2.592,2.539,2.562,10030.76
2026-06-08 04:00:00+00:00,2.562,2.564,2.525,2.543,9367.96
2026-06-08 08:00:00+00:00,2.543,2.546,2.504,2.529,12043.29
2026-06-08 12:00:00+00:00,2.529,2.584,2.498,2.569,50643.29
2026-06-08 16:00:00+00:00,2.569,2.608,2.549,2.586,8968.76
2026-06-08 20:00:00+00:00,2.586,2.601,2.508,2.515,7518.04
2026-06-09 00:00:00+00:00,2.515,2.515,2.455,2.493,9989.45
2026-06-09 04:00:00+00:00,2.493,2.546,2.487,2.525,8791.1
2026-06-09 08:00:00+00:00,2.525,2.529,2.491,2.511,4041.75
2026-06-09 12:00:00+00:00,2.511,2.533,2.463,2.466,9479.76
2026-06-09 16:00:00+00:00,2.466,2.503,2.441,2.499,7388.94
2026-06-09 20:00:00+00:00,2.499,2.512,2.466,2.478,3845.68
2026-06-10 00:00:00+00:00,2.478,2.497,2.447,2.465,12092.64
2026-06-10 04:00:00+00:00,2.465,2.471,2.438,2.464,9371.82
2026-06-10 08:00:00+00:00,2.464,2.464,2.424,2.436,7359.36
2026-06-10 12:00:00+00:00,2.436,2.516,2.426,2.5,5314.52
2026-06-10 16:00:00+00:00,2.5,2.505,2.394,2.399,10351.15
2026-06-10 20:00:00+00:00,2.399,2.407,2.367,2.396,17548.02
2026-06-11 00:00:00+00:00,2.396,2.495,2.396,2.487,20417.38
2026-06-11 04:00:00+00:00,2.487,2.508,2.468,2.506,6783.91
2026-06-11 08:00:00+00:00,2.506,2.539,2.501,2.528,6837.14
2026-06-11 12:00:00+00:00,2.528,2.564,2.489,2.551,12652.56
2026-06-11 16:00:00+00:00,2.551,2.559,2.482,2.508,21827.36
2026-06-11 20:00:00+00:00,2.508,2.52,2.482,2.496,6993.21
2026-06-12 00:00:00+00:00,2.496,2.524,2.491,2.523,4606.86
2026-06-12 04:00:00+00:00,2.523,2.528,2.477,2.511,6332.01
2026-06-12 08:00:00+00:00,2.511,2.545,2.508,2.535,6143.42
2026-06-12 12:00:00+00:00,2.535,2.562,2.501,2.511,15329.12
2026-06-12 16:00:00+00:00,2.511,2.546,2.51,2.52,4496.14
2026-06-12 20:00:00+00:00,2.52,2.527,2.493,2.5,4597.9
2026-06-13 00:00:00+00:00,2.5,2.514,2.492,2.501,9804.97
2026-06-13 04:00:00+00:00,2.501,2.522,2.483,2.517,4162.12
2026-06-13 08:00:00+00:00,2.517,2.553,2.512,2.55,6917.75
2026-06-13 12:00:00+00:00,2.55,2.585,2.544,2.574,8645.14
2026-06-13 16:00:00+00:00,2.574,2.575,2.534,2.542,7393.22
2026-06-13 20:00:00+00:00,2.542,2.568,2.534,2.556,17335.07
2026-06-14 00:00:00+00:00,2.556,2.563,2.544,2.553,8731.68
2026-06-14 04:00:00+00:00,2.553,2.554,2.519,2.53,4771.49
2026-06-14 08:00:00+00:00,2.53,2.544,2.515,2.523,18742.06
2026-06-14 12:00:00+00:00,2.523,2.528,2.476,2.492,7055.46
2026-06-14 16:00:00+00:00,2.492,2.499,2.468,2.481,9896.26
2026-06-14 20:00:00+00:00,2.481,2.599,2.479,2.591,22763.52
2026-06-15 00:00:00+00:00,2.591,2.605,2.564,2.584,13002.48
2026-06-15 04:00:00+00:00,2.584,2.619,2.577,2.594,16355.08
2026-06-15 08:00:00+00:00,2.594,2.691,2.592,2.687,22080.62
2026-06-15 12:00:00+00:00,2.687,2.744,2.675,2.736,17176.31
2026-06-15 16:00:00+00:00,2.736,2.746,2.674,2.682,8458.86
2026-06-15 20:00:00+00:00,2.682,2.847,2.68,2.845,18874.18
2026-06-16 00:00:00+00:00,2.845,3.025,2.779,2.876,46231.25
2026-06-16 04:00:00+00:00,2.876,2.998,2.846,2.979,25222.81
2026-06-16 08:00:00+00:00,2.979,3.06,2.931,3.009,22997.66
2026-06-16 12:00:00+00:00,3.009,3.101,2.944,3.023,33610.66
2026-06-16 16:00:00+00:00,3.023,3.254,3.014,3.194,73617.8
2026-06-16 20:00:00+00:00,3.194,3.323,3.188,3.295,32710.35
2026-06-17 00:00:00+00:00,3.295,3.583,3.295,3.532,54547.95
2026-06-17 04:00:00+00:00,3.532,3.723,3.479,3.643,81729.9
2026-06-17 08:00:00+00:00,3.643,3.67,3.229,3.234,150164.83
2026-06-17 12:00:00+00:00,3.234,3.353,3.193,3.335,96947.57
2026-06-17 16:00:00+00:00,3.335,3.349,3.168,3.191,40806.61
2026-06-17 20:00:00+00:00,3.191,3.317,3.185,3.228,17658.61
2026-06-18 00:00:00+00:00,3.228,3.326,3.122,3.152,27692.73
2026-06-18 04:00:00+00:00,3.152,3.157,3.057,3.104,19293.63
2026-06-18 08:00:00+00:00,3.104,3.184,3.1,3.114,14852.77
2026-06-18 12:00:00+00:00,3.114,3.167,3.007,3.019,40197.51
2026-06-18 16:00:00+00:00,3.019,3.038,2.922,3.009,31259.92
2026-06-18 20:00:00+00:00,3.009,3.22,3.005,3.21,38048.19
2026-06-19 00:00:00+00:00,3.21,3.21,3.051,3.066,18399.63
2026-06-19 04:00:00+00:00,3.066,3.066,2.998,3.026,10335.73
2026-06-19 08:00:00+00:00,3.026,3.084,3.024,3.057,10900.79
2026-06-19 12:00:00+00:00,3.057,3.134,3.027,3.055,15358.56
2026-06-19 16:00:00+00:00,3.055,3.072,3.008,3.023,8909.73
2026-06-19 20:00:00+00:00,3.023,3.088,3.012,3.083,7853.52
2026-06-20 00:00:00+00:00,3.083,3.091,3.01,3.018,7093.91
2026-06-20 04:00:00+00:00,3.018,3.064,3.009,3.01,5550.96
2026-06-20 08:00:00+00:00,3.01,3.03,2.976,3.009,7139.23
2026-06-20 12:00:00+00:00,3.009,3.06,2.95,3.05,20281.99
2026-06-20 16:00:00+00:00,3.05,3.05,2.986,3.006,8183.39
2026-06-20 20:00:00+00:00,3.006,3.031,2.997,3.007,8947.82
2026-06-21 00:00:00+00:00,3.007,3.011,2.965,2.968,13705.0
2026-06-21 04:00:00+00:00,2.968,3.003,2.952,3.003,13322.44
2026-06-21 08:00:00+00:00,3.003,3.064,2.968,3.022,8602.83
2026-06-21 12:00:00+00:00,3.022,3.128,3.008,3.113,18291.15
2026-06-21 16:00:00+00:00,3.113,3.116,3.026,3.045,13140.63
2026-06-21 20:00:00+00:00,3.045,3.051,2.967,2.989,9459.61
2026-06-22 00:00:00+00:00,2.989,3.094,2.984,3.005,8661.29
2026-06-22 04:00:00+00:00,3.005,3.072,3.001,3.016,4572.39
2026-06-22 08:00:00+00:00,3.016,3.056,2.996,3.052,7073.82
2026-06-22 12:00:00+00:00,3.052,3.116,3.032,3.068,41050.58
2026-06-22 16:00:00+00:00,3.068,3.091,3.001,3.013,10129.01
2026-06-22 20:00:00+00:00,3.013,3.035,2.959,2.985,7939.2
2026-06-23 00:00:00+00:00,2.985,3.01,2.965,2.992,6793.99
2026-06-23 04:00:00+00:00,2.992,2.998,2.857,2.86,19576.19
2026-06-23 08:00:00+00:00,2.86,2.891,2.8,2.891,13670.18
2026-06-23 12:00:00+00:00,2.891,2.933,2.866,2.902,14948.93
2026-06-23 16:00:00+00:00,2.902,2.92,2.865,2.898,4612.68
2026-06-23 20:00:00+00:00,2.898,2.936,2.897,2.924,13032.84
2026-06-24 00:00:00+00:00,2.924,2.946,2.891,2.918,7787.74
2026-06-24 04:00:00+00:00,2.918,2.923,2.885,2.898,4326.2
2026-06-24 08:00:00+00:00,2.898,2.964,2.888,2.934,6246.06
2026-06-24 12:00:00+00:00,2.934,2.949,2.808,2.81,14478.68
2026-06-24 16:00:00+00:00,2.81,2.857,2.727,2.813,17779.0
2026-06-24 20:00:00+00:00,2.813,2.931,2.808,2.925,21073.03
2026-06-25 00:00:00+00:00,2.925,2.95,2.901,2.933,7421.73
2026-06-25 04:00:00+00:00,2.933,3.029,2.911,2.964,11312.97
2026-06-25 08:00:00+00:00,2.964,2.967,2.912,2.928,7773.5
2026-06-25 12:00:00+00:00,2.928,2.951,2.75,2.862,34313.64
2026-06-25 16:00:00+00:00,2.862,2.891,2.817,2.827,10539.25
2026-06-25 20:00:00+00:00,2.827,2.904,2.827,2.885,8934.35
2026-06-26 00:00:00+00:00,2.885,2.897,2.776,2.873,11438.89
2026-06-26 04:00:00+00:00,2.873,2.958,2.84,2.935,9782.42
2026-06-26 08:00:00+00:00,2.935,2.937,2.827,2.837,6130.83
2026-06-26 12:00:00+00:00,2.837,2.958,2.812,2.942,17380.95
2026-06-26 16:00:00+00:00,2.942,3.046,2.923,2.975,17312.48
2026-06-26 20:00:00+00:00,2.975,3.013,2.958,2.964,6859.4
2026-06-27 00:00:00+00:00,2.964,2.987,2.933,2.943,8601.45
2026-06-27 04:00:00+00:00,2.943,2.976,2.928,2.945,3843.96
2026-06-27 08:00:00+00:00,2.945,2.945,2.906,2.921,4494.67
2026-06-27 12:00:00+00:00,2.921,3.014,2.913,3.001,7567.42
2026-06-27 16:00:00+00:00,3.001,3.058,2.937,2.948,8157.13
2026-06-27 20:00:00+00:00,2.948,2.955,2.913,2.925,7099.6
2026-06-28 00:00:00+00:00,2.925,2.936,2.908,2.922,4316.3
2026-06-28 04:00:00+00:00,2.922,2.926,2.882,2.905,6004.94
2026-06-28 08:00:00+00:00,2.905,2.982,2.904,2.929,5933.4
2026-06-28 12:00:00+00:00,2.929,2.95,2.916,2.934,8739.81
2026-06-28 16:00:00+00:00,2.934,2.949,2.87,2.885,9736.97
2026-06-28 20:00:00+00:00,2.885,2.939,2.871,2.927,6738.9
2026-06-29 00:00:00+00:00,2.927,2.991,2.887,2.967,9402.84
2026-06-29 04:00:00+00:00,2.967,2.977,2.907,2.944,5697.76
2026-06-29 08:00:00+00:00,2.944,2.974,2.918,2.926,10752.7
2026-06-29 12:00:00+00:00,2.926,2.985,2.915,2.963,16626.57
2026-06-29 16:00:00+00:00,2.963,3.016,2.935,2.979,13404.48
2026-06-29 20:00:00+00:00,2.979,2.985,2.885,2.895,6453.08
2026-06-30 00:00:00+00:00,2.895,2.895,2.861,2.869,5857.12
2026-06-30 04:00:00+00:00,2.869,2.899,2.865,2.876,6502.81
2026-06-30 08:00:00+00:00,2.876,2.876,2.778,2.8,14677.68
2026-06-30 12:00:00+00:00,2.8,2.806,2.75,2.758,24794.97
2026-06-30 16:00:00+00:00,2.758,2.806,2.748,2.787,6067.33
2026-06-30 20:00:00+00:00,2.787,2.792,2.775,2.78,6326.71
2026-07-01 00:00:00+00:00,2.78,2.85,2.748,2.846,5324.07
2026-07-01 04:00:00+00:00,2.846,2.856,2.773,2.782,6594.81
2026-07-01 08:00:00+00:00,2.782,2.782,2.733,2.739,10883.43
2026-07-01 12:00:00+00:00,2.739,2.824,2.723,2.804,15928.64
2026-07-01 16:00:00+00:00,2.804,2.819,2.775,2.791,8076.19
2026-07-01 20:00:00+00:00,2.791,2.878,2.785,2.788,8259.4
2026-07-02 00:00:00+00:00,2.788,2.859,2.78,2.855,8446.79
2026-07-02 04:00:00+00:00,2.855,2.856,2.816,2.821,7816.31
2026-07-02 08:00:00+00:00,2.821,3.05,2.821,3.045,21579.57
2026-07-02 12:00:00+00:00,3.045,3.225,3.035,3.165,39005.02
2026-07-02 16:00:00+00:00,3.165,3.286,3.149,3.196,15389.36
2026-07-02 20:00:00+00:00,3.196,3.239,3.15,3.179,6446.14
2026-07-03 00:00:00+00:00,3.179,3.247,3.152,3.213,12526.05
2026-07-03 04:00:00+00:00,3.213,3.217,3.174,3.195,16016.5
2026-07-03 08:00:00+00:00,3.195,3.25,3.187,3.24,6768.57
2026-07-03 12:00:00+00:00,3.24,3.308,3.218,3.266,10442.46
2026-07-03 16:00:00+00:00,3.266,3.289,3.234,3.239,5137.23
2026-07-03 20:00:00+00:00,3.239,3.28,3.198,3.209,10026.54
2026-07-04 00:00:00+00:00,3.209,3.225,3.172,3.202,8845.47
2026-07-04 04:00:00+00:00,3.202,3.216,3.171,3.184,10276.14
2026-07-04 08:00:00+00:00,3.184,3.211,3.173,3.191,16060.01
2026-07-04 12:00:00+00:00,3.191,3.275,3.184,3.26,15754.2
2026-07-04 16:00:00+00:00,3.26,3.268,3.223,3.239,11376.43
2026-07-04 20:00:00+00:00,3.239,3.253,3.197,3.217,6092.26
2026-07-05 00:00:00+00:00,3.217,3.219,3.168,3.177,8055.29
2026-07-05 04:00:00+00:00,3.177,3.198,3.171,3.197,4725.9
2026-07-05 08:00:00+00:00,3.197,3.211,3.125,3.127,9871.74
2026-07-05 12:00:00+00:00,3.127,3.156,3.1,3.146,4519.0
2026-07-05 16:00:00+00:00,3.146,3.178,3.142,3.151,5119.11
2026-07-05 20:00:00+00:00,3.151,3.209,3.134,3.175,11513.53
2026-07-06 00:00:00+00:00,3.175,3.2,3.15,3.162,3794.5
2026-07-06 04:00:00+00:00,3.162,3.172,3.105,3.117,10259.19
2026-07-06 08:00:00+00:00,3.117,3.168,3.097,3.125,8509.84
2026-07-06 12:00:00+00:00,3.125,3.204,3.073,3.195,16401.06
2026-07-06 16:00:00+00:00,3.195,3.229,3.184,3.196,11714.88
2026-07-06 20:00:00+00:00,3.196,3.264,3.174,3.181,20904.94
2026-07-07 00:00:00+00:00,3.181,3.196,3.128,3.135,11606.4
2026-07-07 04:00:00+00:00,3.135,3.176,3.108,3.16,11551.47
2026-07-07 08:00:00+00:00,3.16,3.2,3.144,3.178,8152.45
2026-07-07 12:00:00+00:00,3.178,3.254,3.131,3.251,19446.67
2026-07-07 16:00:00+00:00,3.251,3.308,3.217,3.27,18024.67
2026-07-07 20:00:00+00:00,3.27,3.275,3.178,3.191,6647.94
2026-07-08 00:00:00+00:00,3.191,3.274,3.145,3.214,31588.36
2026-07-08 04:00:00+00:00,3.214,3.376,3.206,3.291,21824.68
2026-07-08 08:00:00+00:00,3.291,3.331,3.133,3.31,24339.53
2026-07-08 12:00:00+00:00,3.31,3.345,3.25,3.277,25789.53
2026-07-08 16:00:00+00:00,3.277,3.387,3.264,3.316,17421.35
2026-07-08 20:00:00+00:00,3.316,3.316,3.231,3.281,10213.31
2026-07-09 00:00:00+00:00,3.281,3.388,3.257,3.295,20122.19
2026-07-09 04:00:00+00:00,3.295,3.424,3.249,3.373,19492.26
2026-07-09 08:00:00+00:00,3.373,3.408,3.335,3.361,5408.93
2026-07-09 12:00:00+00:00,3.361,3.362,3.298,3.343,13303.46
2026-07-09 16:00:00+00:00,3.343,3.427,3.328,3.361,20663.4
2026-07-09 20:00:00+00:00,3.361,3.435,3.353,3.393,15256.96
2026-07-10 00:00:00+00:00,3.393,3.536,3.371,3.465,16801.29
2026-07-10 04:00:00+00:00,3.465,3.542,3.459,3.491,6419.57
2026-07-10 08:00:00+00:00,3.491,3.631,3.49,3.615,14215.08
2026-07-10 12:00:00+00:00,3.615,3.693,3.524,3.553,29876.34
2026-07-10 16:00:00+00:00,3.553,3.587,3.517,3.532,19649.16
2026-07-10 20:00:00+00:00,3.532,3.584,3.518,3.525,10187.79
2026-07-11 00:00:00+00:00,3.525,3.525,3.462,3.473,12367.7
2026-07-11 04:00:00+00:00,3.473,3.53,3.467,3.518,6885.57
2026-07-11 08:00:00+00:00,3.518,3.64,3.509,3.632,18005.71
2026-07-11 12:00:00+00:00,3.632,3.793,3.612,3.746,29789.66
2026-07-11 16:00:00+00:00,3.746,3.792,3.678,3.792,10795.07
2026-07-11 20:00:00+00:00,3.792,3.843,3.659,3.66,12269.67
2026-07-12 00:00:00+00:00,3.66,3.69,3.626,3.685,6105.16
